Tweet,Fecha,Locacion,Coordenadas
El del excusado es el único que aplica la #SanaDistancia #RCATimes @MikeVrabel @Titans #NFLDraft2020,Fri Apr 24 03:59:42 +0000 2020,"Nogales, Sonora","[[[-111.353471, 31.007209], [-111.353471, 31.377975], [-110.649331, 31.377975], [-110.649331, 31.007209]]]"
"""Uno puede llorar hasta con la palabra""excusado"" si tiene ganas de llorar.""",Fri Apr 03 04:19:11 +0000 2020,"Coyoacán, Distrito Federal","[[[-99.205809, 19.297011], [-99.205809, 19.359755], [-99.098871, 19.359755], [-99.098871, 19.297011]]]"
@emedranos Un excusado !,Fri Apr 03 22:38:14 +0000 2020,"Nezahualcóyotl, México","[[[-99.067766, 19.366862], [-99.067766, 19.498582], [-98.966267, 19.498582], [-98.966267, 19.366862]]]"
ustedes no la saben pero una vez me la pase en mi cumpleaños vomitando pastillas en el excusado llorando,Fri Apr 03 23:29:03 +0000 2020,"Veracruz, Veracruz de Ignacio de la Llave","[[[-96.340535, 19.102814], [-96.340535, 19.265092], [-96.118258, 19.265092], [-96.118258, 19.102814]]]"
"@anibal_guer @muhc62 @Rcabrerasiles @Oscar_Chavira @Donvix Un cobarde pejelover más, excusado en el anonimato",Sun Apr 05 04:40:38 +0000 2020,"Azcapotzalco, Distrito Federal","[[[-99.221136, 19.456367], [-99.221136, 19.5152], [-99.143116, 19.5152], [-99.143116, 19.456367]]]"
No son floreros...son excusados!,Mon Apr 27 19:03:42 +0000 2020,"Cuautitlán Izcalli, México","[[[-99.294897, 19.580497], [-99.294897, 19.732082], [-99.172417, 19.732082], [-99.172417, 19.580497]]]"
"A partir de hoy, mi gimnasio será el excusado 🙃",Thu Apr 09 17:52:54 +0000 2020,"Cuauhtémoc, Distrito Federal","[[[-99.18435, 19.399835], [-99.18435, 19.465837], [-99.122382, 19.465837], [-99.122382, 19.399835]]]"
"@_VicenteSerrano Éste Peluche-Payaso, tiene Conectado el HOCICO con el
Excusado, ¡¡Habla nada más para
Cagarla!! https://t.co/Oq2EpQkFZ3",Mon Apr 13 19:36:48 +0000 2020,"Ahome, Sinaloa","[[[-109.44826, 25.440593], [-109.44826, 26.4033], [-108.759193, 26.4033], [-108.759193, 25.440593]]]"
De escribir desde el excusado y errores de dedo ; urge poder editar tuits,Tue Apr 14 01:01:08 +0000 2020,"San Luis Potosí, México","[[[-101.169792, 21.959357], [-101.169792, 22.662882], [-100.74123, 22.662882], [-100.74123, 21.959357]]]"
"Y pensar que en este país hay pseudo comentaristas que, sin pudor alguno, lamen hasta el excusado donde se sienta A… https://t.co/DHj0REEwuD",Fri Apr 17 18:51:58 +0000 2020,"Monterrey, Nuevo León","[[[-100.421037, 25.480538], [-100.421037, 25.802899], [-100.166146, 25.802899], [-100.166146, 25.480538]]]"
@dinomadridmx Para la próxima transmite desde el excusado para que no te vayas a lastimar la espalda de tanto agacharte,Thu Apr 23 22:23:36 +0000 2020,"Juárez, Chihuahua","[[[-106.950638, 31.120681], [-106.950638, 31.783867], [-106.185378, 31.783867], [-106.185378, 31.120681]]]"
@ladyprospera Tienes excusado? Privilegio!,Fri May 08 04:18:39 +0000 2020,"Monterrey, Nuevo León","[[[-100.421037, 25.480538], [-100.421037, 25.802899], [-100.166146, 25.802899], [-100.166146, 25.480538]]]"
@_martinmoreno @lzaroRos5 Galvan Ochoa mencionando un cartón del Fisgón....... algo así como el excusado solicitando alimento......,Sat May 09 21:34:55 +0000 2020,"Benito Juárez, Distrito Federal","[[[-99.191996, 19.357102], [-99.191996, 19.404124], [-99.130965, 19.404124], [-99.130965, 19.357102]]]"
"@vichir @CarlosLoret @PostOpinions @washingtonpost Excusado, jajajaja deje le ayudo (disculpe)🤦🤦 traducción? de nada!! que tenga buena tarde",Tue May 12 20:56:02 +0000 2020,"Nuevo Laredo, Tamaulipas","[[[-99.974343, 27.268162], [-99.974343, 27.679262], [-99.478795, 27.679262], [-99.478795, 27.268162]]]"
"Se me cayó mi credencial godin adentro del excusado. Si no me había dado COVID, ahora sí ya valió madre. 
-
¿Qué tal su día?",Wed May 13 23:36:13 +0000 2020,"Tlalpan, Distrito Federal","[[[-99.315748, 19.087511], [-99.315748, 19.311459], [-99.10098, 19.311459], [-99.10098, 19.087511]]]"
"Hay que meterlos al excusado,como a loretito",Thu May 14 00:24:33 +0000 2020,"Iztapalapa, Distrito Federal","[[[-99.140238, 19.284692], [-99.140238, 19.400885], [-98.960684, 19.400885], [-98.960684, 19.284692]]]"
"@ElMaderense12 @guilbert_ga Al Ferriz le falta su caricatura parecida a la de loretin, en es excusado .",Wed May 20 17:53:46 +0000 2020,"Benito Juárez, Distrito Federal","[[[-99.191996, 19.357102], [-99.191996, 19.404124], [-99.130965, 19.404124], [-99.130965, 19.357102]]]"
@Arouet_V @PMunozLedo Ese guey es un pedejo @gibranrr debe ser uno de los mecos que mi abuelo tiro al excusado; con… https://t.co/zeLNyxWRtX,Thu May 21 05:38:40 +0000 2020,"Querétaro, Querétaro Arteaga","[[[-100.596343, 20.50317], [-100.596343, 20.927379], [-100.284846, 20.927379], [-100.284846, 20.50317]]]"
@gog_antonio @Rusojr72 @lopezobrador_ Jaaaa UN EXCUSADO JAAA,Thu May 21 17:36:31 +0000 2020,"Tuxpan, Veracruz de Ignacio de la Llave","[[[-97.600579, 20.732102], [-97.600579, 21.141089], [-97.217553, 21.141089], [-97.217553, 20.732102]]]"
Saldré a pasear a los perros y mejor le bajo a esto como al excusado... flush,Thu May 21 23:39:24 +0000 2020,"Guadalajara, Jalisco","[[[-103.408633, 20.600585], [-103.408633, 20.752719], [-103.263131, 20.752719], [-103.263131, 20.600585]]]"
No sabía que el acoso en este inmenso excusado que son las redes sociales se tiene que justificar...,Sat May 23 23:55:47 +0000 2020,"Guadalupe, Nuevo León","[[[-100.274823, 25.621688], [-100.274823, 25.731519], [-100.117445, 25.731519], [-100.117445, 25.621688]]]"
"No es por ti animal, es para que no nos contagies. Tu pudrete con el excusado de tu ocico",Tue May 26 23:39:09 +0000 2020,"Tlalpan, Distrito Federal","[[[-99.315748, 19.087511], [-99.315748, 19.311459], [-99.10098, 19.311459], [-99.10098, 19.087511]]]"
"#DDV14590

-Frases sabias de 1 excusado-

Al final todo va a parar al mismo lugar.",Wed May 27 13:51:17 +0000 2020,"Benito Juárez, Distrito Federal","[[[-99.191996, 19.357102], [-99.191996, 19.404124], [-99.130965, 19.404124], [-99.130965, 19.357102]]]"
"O sea, ni para excusado de  cantina.",Wed May 27 14:31:27 +0000 2020,"Juárez, Chihuahua","[[[-106.950638, 31.120681], [-106.950638, 31.783867], [-106.185378, 31.783867], [-106.185378, 31.120681]]]"
"@SimnTolomeo2 ESE PROMOCIONAL DEBE DE SER DEL EXCUSADO PUES SOLO CONTIENE MIERDA,DE QUIEN LO HIZO Y PARA QUIEN LO TUVO QUE HACER.",Fri May 29 01:42:40 +0000 2020,"Gustavo A. Madero, Distrito Federal","[[[-99.180678, 19.444937], [-99.180678, 19.592375], [-99.051103, 19.592375], [-99.051103, 19.444937]]]"
"Unpopular opinion: el papel higiénico solo se deposita el cesto cuando limpias pipi, si limpias popo va en excusado.",Fri May 29 17:29:50 +0000 2020,"Puerto Vallarta, Jalisco","[[[-105.324392, 20.471599], [-105.324392, 20.922506], [-104.972769, 20.922506], [-104.972769, 20.471599]]]"
@Jedisk8r92 Es horrible. Me da asco ver cómo se comportan los policías y cómo son excusados por sus acciones.,Sun May 31 07:39:58 +0000 2020,"Tijuana, Baja California","[[[-117.298421, 32.098292], [-117.298421, 32.567461], [-116.559783, 32.567461], [-116.559783, 32.098292]]]"
"@Lizgottik O picadura de alacrán en el f...ondo de su corazón

Justo después de tirar el antídoto al excusado...",Sun May 31 18:05:05 +0000 2020,"Zapopan, Jalisco","[[[-103.664175, 20.583418], [-103.664175, 20.997896], [-103.305374, 20.997896], [-103.305374, 20.583418]]]"
"@DamianAlcazar el CACAS caerá en el excusado de la historia. Dedicate a actuar, para la política no tienes cerebro",Tue Jun 02 19:05:36 +0000 2020,"Mexicali, Baja California","[[[-115.818421, 30.86042], [-115.818421, 32.718919], [-114.639939, 32.718919], [-114.639939, 30.86042]]]"
"https://t.co/QP8XRPQHm7 presidenta de @PartidoMorenaMx de Quintana Roo, ebria e insultando zoesmente, un boca peor que un excusado",Wed Jun 03 20:12:14 +0000 2020,"Coyoacán, Distrito Federal","[[[-99.205809, 19.297011], [-99.205809, 19.359755], [-99.098871, 19.359755], [-99.098871, 19.297011]]]"
"@JLMNoticias Sin duda una basura, como puede tener un puesto de representante sólo sera del excusado",Thu Jun 04 19:05:06 +0000 2020,"Benito Juárez, Distrito Federal","[[[-99.191996, 19.357102], [-99.191996, 19.404124], [-99.130965, 19.404124], [-99.130965, 19.357102]]]"
"@EnriqueAlfaroR Hijole treinta días después te enteras y aplicas, seras buen presidente de tu excusado.",Sat Jun 06 04:11:51 +0000 2020,"Paraíso, Tabasco","[[[-93.507543, 18.270183], [-93.507543, 18.443406], [-92.994485, 18.443406], [-92.994485, 18.270183]]]"
@BeatrizGMuller Si ese chocoflan merece ser excusado,Fri Jun 19 03:39:39 +0000 2020,"Cuajimalpa de Morelos, Distrito Federal","[[[-99.364536, 19.232313], [-99.364536, 19.405081], [-99.246625, 19.405081], [-99.246625, 19.232313]]]"
"@FedericoArreola Hay que desquitar la quincena Don Fede, aunque eso implique ponerse a limpiar los excusados de sus patrones.",Sun Jun 21 12:56:04 +0000 2020,"Zapopan, Jalisco","[[[-103.664175, 20.583418], [-103.664175, 20.997896], [-103.305374, 20.997896], [-103.305374, 20.583418]]]"
@LeonEconomista @hdemauleon Como el agua..... pero del excusado cab....,Sun Jun 21 20:28:24 +0000 2020,"Culiacán, Sinaloa","[[[-107.806281, 24.028162], [-107.806281, 25.296815], [-106.877832, 25.296815], [-106.877832, 24.028162]]]"
@JLozanoA Con ustedes ni al excusado porque se roban hasta el papel.,Tue Jun 23 20:39:12 +0000 2020,"Santa María Atzompa, Oaxaca","[[[-96.830795, 17.045932], [-96.830795, 17.11946], [-96.748758, 17.11946], [-96.748758, 17.045932]]]"
"Me senté en el excusado y respiré, una y otra vez. Mis manos ya no estaban gordas. Salí y vi a mi amiga -recuerdan,… https://t.co/Do5zE6auTM",Fri Jun 26 06:48:20 +0000 2020,"Zempoala, Hidalgo","[[[-98.811852, 19.813923], [-98.811852, 20.032784], [-98.524876, 20.032784], [-98.524876, 19.813923]]]"
Calma la está buscando en el excusado. https://t.co/7YPbzwyP3Z,Mon Jun 29 15:47:29 +0000 2020,"Guadalajara, Jalisco","[[[-103.408633, 20.600585], [-103.408633, 20.752719], [-103.263131, 20.752719], [-103.263131, 20.600585]]]"
@nidiazull @EduarGzz32 @elciempies Nunca se ha tapado ni excusado nada. Los errores han sido señalados formados y r… https://t.co/UoTXdjrezL,Tue Jun 30 16:43:14 +0000 2020,"Monterrey, Nuevo León","[[[-100.421037, 25.480538], [-100.421037, 25.802899], [-100.166146, 25.802899], [-100.166146, 25.480538]]]"
"Siguiendo con mi huevo, les cuento que así amaneció 🙃 me dijeron que lo tirara por el excusado y cuando lo tiré la… https://t.co/xVI5KLf6OX",Thu Jul 02 14:52:04 +0000 2020,"Victoria, Tamaulipas","[[[-99.42842, 23.389556], [-99.42842, 23.982312], [-98.947388, 23.982312], [-98.947388, 23.389556]]]"
Cómo jalarle al excusado..,Sun Jul 05 00:21:25 +0000 2020,"Tlaquepaque, Jalisco","[[[-103.453231, 20.539641], [-103.453231, 20.644625], [-103.243417, 20.644625], [-103.243417, 20.539641]]]"
Estaba cagando y al levantarme al mismo tiempo se cayó la tapa del excusado y me acarició las nalgas y es todo el sexo que tendré este día.,Tue Jul 07 05:03:11 +0000 2020,"Tepic, Nayarit","[[[-105.147236, 21.393999], [-105.147236, 21.859333], [-104.597879, 21.859333], [-104.597879, 21.393999]]]"
"BOGOTA, COLOMBIA #TBT 👉🏻 2005 • Watchavato en el estudio de EXCUSADOS #Street #Ilegal #Bogota #Colombia 🇨🇴 en Mexic… https://t.co/toZS4Eoa78",Tue Jul 07 15:03:43 +0000 2020,"Cuauhtémoc, Distrito Federal","[[[-99.18435, 19.399835], [-99.18435, 19.465837], [-99.122382, 19.465837], [-99.122382, 19.399835]]]"
"BOGOTA, COLOMBIA #TBT 👉🏻 2005 • Watchavato en el estudio de EXCUSADOS #Street #Ilegal #Bogota #Colombia 🇨🇴 en Mexic… https://t.co/iFuAGof0ri",Tue Jul 07 15:08:48 +0000 2020,"Cuauhtémoc, Distrito Federal","[[[-99.18435, 19.399835], [-99.18435, 19.465837], [-99.122382, 19.465837], [-99.122382, 19.399835]]]"
"@Sr__German A lo mejor si, pero está tan chiquito que no se dio cuenta y lo tiró por el excusado",Wed Jul 08 04:53:59 +0000 2020,"Toluca, México","[[[-99.782579, 19.076393], [-99.782579, 19.49225], [-99.528773, 19.49225], [-99.528773, 19.076393]]]"
@MartinA_Solorio @JLozanoA Ni para lavar los excusado,Thu Jul 09 21:15:55 +0000 2020,"Durango, México","[[[-105.573153, 23.478062], [-105.573153, 24.430263], [-104.102003, 24.430263], [-104.102003, 23.478062]]]"
Cuando me salpica el culo el agua del excusado,Thu Jul 09 21:56:29 +0000 2020,"Cuauhtémoc, Distrito Federal","[[[-99.18435, 19.399835], [-99.18435, 19.465837], [-99.122382, 19.465837], [-99.122382, 19.399835]]]"
"Cuando me salpica el culo, el agua de un excusado publico 🚽",Thu Jul 09 21:57:44 +0000 2020,"Cuauhtémoc, Distrito Federal","[[[-99.18435, 19.399835], [-99.18435, 19.465837], [-99.122382, 19.465837], [-99.122382, 19.399835]]]"
"@Genrus En el excusado de los sabores, juntito al chayote, sugiero.",Tue Jul 14 21:54:02 +0000 2020,"Coyoacán, Distrito Federal","[[[-99.205809, 19.297011], [-99.205809, 19.359755], [-99.098871, 19.359755], [-99.098871, 19.297011]]]"
@EzequielCGA Estás excusado. 🤭,Wed Jul 15 14:20:29 +0000 2020,"Juárez, Chihuahua","[[[-106.950638, 31.120681], [-106.950638, 31.783867], [-106.185378, 31.783867], [-106.185378, 31.120681]]]"
@bta_Demian Lava excusados en una cantina!!!,Thu Jul 16 04:24:55 +0000 2020,"Veracruz, Veracruz de Ignacio de la Llave","[[[-96.340535, 19.102814], [-96.340535, 19.265092], [-96.118258, 19.265092], [-96.118258, 19.102814]]]"
@ImagenTVMex @lopezobrador_ @GN_MEXICO_ Ya hasta de ganadores trabajan limpiando pisos y excusados,Fri Jul 17 01:28:02 +0000 2020,"Querétaro, Querétaro Arteaga","[[[-100.596343, 20.50317], [-100.596343, 20.927379], [-100.284846, 20.927379], [-100.284846, 20.50317]]]"
"Coincido y suscribo.
La porquería al excusado.",Fri Jul 17 17:40:36 +0000 2020,"Cuautlancingo, Puebla","[[[-98.300186, 19.077688], [-98.300186, 19.160921], [-98.222497, 19.160921], [-98.222497, 19.077688]]]"
Nunduva Yaa en Casa Serrano Uno de mis mejores conciertos que mi oído ha excusado https://t.co/vXrymlCXhA vía @YouTube,Mon Jul 20 02:41:47 +0000 2020,"Tlaquepaque, Jalisco","[[[-103.453231, 20.539641], [-103.453231, 20.644625], [-103.243417, 20.644625], [-103.243417, 20.539641]]]"
"@HernanGomezB Hablando de conflicto de intereses, @JohnMAckerman se debió de haber excusado en la evaluación de Tal… https://t.co/BC1q1Zsqfm",Mon Jul 20 16:13:09 +0000 2020,"Victoria, Tamaulipas","[[[-99.42842, 23.389556], [-99.42842, 23.982312], [-98.947388, 23.982312], [-98.947388, 23.389556]]]"
"Cuando entras a un baño de la universidad, entras al excusado y por debajo de la separación sale y mano y te ofrece… https://t.co/YxsPT1Veop",Wed Jul 22 14:16:37 +0000 2020,"Guadalajara, Jalisco","[[[-103.408633, 20.600585], [-103.408633, 20.752719], [-103.263131, 20.752719], [-103.263131, 20.600585]]]"
"Buenos días @ferbelaunzaran 
Jajaja
A alguien se le fué su reputación al excusado.
Ya lo sabíamos solo faltaba hace… https://t.co/H60CdK8CBW",Fri Jul 24 14:38:57 +0000 2020,"Álvaro Obregón, Distrito Federal","[[[-99.324375, 19.232228], [-99.324375, 19.403856], [-99.171644, 19.403856], [-99.171644, 19.232228]]]"
"Mejor al excusado y le jalamos la palanca, para que el tipo se encuentre con su elemento https://t.co/H7rMzdTQb0",Mon Jul 27 18:29:56 +0000 2020,"Mexicali, Baja California","[[[-115.818421, 30.86042], [-115.818421, 32.718919], [-114.639939, 32.718919], [-114.639939, 30.86042]]]"
"@_VicenteSerrano @GalindoCartones @RicardoAnayaC Imaginate metido en el excusado por 8 horas, debido a la diarrea q… https://t.co/su4VxfbsUZ",Wed Jul 29 08:18:19 +0000 2020,"Ecatepec de Morelos, México","[[[-99.118665, 19.484399], [-99.118665, 19.652161], [-98.970224, 19.652161], [-98.970224, 19.484399]]]"
Van a acabar en excusado,Sun Aug 02 01:42:54 +0000 2020,"Cuautitlán Izcalli, México","[[[-99.294897, 19.580497], [-99.294897, 19.732082], [-99.172417, 19.732082], [-99.172417, 19.580497]]]"
@hbdomecq @Otto2025 @PabloHiriart Aunque necesite urgentemente un lava excusados jamás contrataría a Gatell.,Sun Aug 02 04:07:13 +0000 2020,"Cuauhtémoc, Distrito Federal","[[[-99.18435, 19.399835], [-99.18435, 19.465837], [-99.122382, 19.465837], [-99.122382, 19.399835]]]"
"@politicosmex @macariomx @GobiernoMX Pudo haberse excusado @GobiernoMX con una nota diplomática ""con la pena pero s… https://t.co/BSBGz35bk7",Sat Aug 08 00:47:12 +0000 2020,"García, Nuevo León","[[[-100.865061, 25.628133], [-100.865061, 25.983312], [-100.415921, 25.983312], [-100.415921, 25.628133]]]"
"""Harry, si te mueres ahí abajo, podemos compartir mi excusado."" 

Qué adorable.",Mon Aug 10 05:12:03 +0000 2020,"Manzanillo, Colima","[[[-104.691992, 18.94497], [-104.691992, 19.312106], [-104.034768, 19.312106], [-104.034768, 18.94497]]]"
"@Alesidenew Mi Papá E. P. D. decía Te Voy A Voltear El Comedor Pará El Excusado, Sé Oye Feo Pero Es Similar 😂🤣😂🤣😂🤣🤣",Tue Aug 11 13:49:17 +0000 2020,"Puebla, México","[[[-98.289206, 18.83765], [-98.289206, 19.226809], [-98.019327, 19.226809], [-98.019327, 18.83765]]]"
Que meta la cara al excusado y le jale,Thu Aug 13 20:55:32 +0000 2020,"Benito Juárez, Quintana Roo","[[[-87.322724, 20.734206], [-87.322724, 21.363232], [-86.740605, 21.363232], [-86.740605, 20.734206]]]"
"@cesamo70 @lopezobrador_ @padresolalinde El padre tiene razón,solo algunas legiones Prianistas se andan cagando fuera del excusado.",Sat Aug 15 01:44:50 +0000 2020,"Juárez, Chihuahua","[[[-106.950638, 31.120681], [-106.950638, 31.783867], [-106.185378, 31.783867], [-106.185378, 31.120681]]]"
"@h_isabel104 Amargada ,x1000 si no te late ahogate en el excusado",Sun Aug 16 04:07:11 +0000 2020,"Álvaro Obregón, Distrito Federal","[[[-99.324375, 19.232228], [-99.324375, 19.403856], [-99.171644, 19.403856], [-99.171644, 19.232228]]]"
@jose_anton Solo en el excusado,Sun Aug 16 22:54:04 +0000 2020,"Culiacán, Sinaloa","[[[-107.806281, 24.028162], [-107.806281, 25.296815], [-106.877832, 25.296815], [-106.877832, 24.028162]]]"
"@mcmaricarmen @lopezobrador_ Pues puedes seguir ladrando, pinche momia. Tus palabras las tiramos al excusado y nos… https://t.co/kOnipweZXE",Tue Aug 18 18:23:04 +0000 2020,"Venustiano Carranza, Distrito Federal","[[[-99.128294, 19.404352], [-99.128294, 19.459799], [-99.04734, 19.459799], [-99.04734, 19.404352]]]"
"A Andrés Manuel le dicen el calcetín,  abre la boca para meter la pata, y le dicen la tapa de excusado, se abre sol… https://t.co/53kQ8eBtis",Fri Aug 21 16:05:13 +0000 2020,"Puerto Vallarta, Jalisco","[[[-105.324392, 20.471599], [-105.324392, 20.922506], [-104.972769, 20.922506], [-104.972769, 20.471599]]]"
@luisantgarcia @CarlosLoret @lopezobrador_ Ya cara chueca. Haces una tormenta de caca en un excusado vacío. Deberás… https://t.co/F2y1p3SUeJ,Sat Aug 22 01:18:53 +0000 2020,"San Pedro Mixtepec-Distrito 22, Oaxaca","[[[-97.211376, 15.855856], [-97.211376, 16.02956], [-96.900297, 16.02956], [-96.900297, 15.855856]]]"
Existirá un excusado donde quepa semejante cabus?,Sat Aug 22 03:43:27 +0000 2020,"Tlalpan, Distrito Federal","[[[-99.315748, 19.087511], [-99.315748, 19.311459], [-99.10098, 19.311459], [-99.10098, 19.087511]]]"
@erikaslas Excusados,Thu Aug 27 16:59:30 +0000 2020,"San Luis Potosí, México","[[[-101.169792, 21.959357], [-101.169792, 22.662882], [-100.74123, 22.662882], [-100.74123, 21.959357]]]"
"Oops, ¿Se puede mejorar el excusado de la secundaria?",Sat Aug 29 15:33:31 +0000 2020,"Guadalupe, Nuevo León","[[[-100.274823, 25.621688], [-100.274823, 25.731519], [-100.117445, 25.731519], [-100.117445, 25.621688]]]"
@EulalioGon Estas excusado,Wed Sep 09 21:07:11 +0000 2020,"Los Cabos, Baja California Sur","[[[-110.119479, 22.871889], [-110.119479, 23.667869], [-109.413058, 23.667869], [-109.413058, 22.871889]]]"
"Ya habló el boss @franco_esca.
Vaya manera de tirar una carrera por el excusado. https://t.co/siEMAqSvgj",Sat Sep 12 02:22:46 +0000 2020,"Benito Juárez, Quintana Roo","[[[-87.322724, 20.734206], [-87.322724, 21.363232], [-86.740605, 21.363232], [-86.740605, 20.734206]]]"
Mejor que se siente en el excusado ahí si le queda.,Tue Sep 15 21:46:04 +0000 2020,"Querétaro, Querétaro Arteaga","[[[-100.596343, 20.50317], [-100.596343, 20.927379], [-100.284846, 20.927379], [-100.284846, 20.50317]]]"
"En una de todas las anécdotas de Godín, hoy se me cayó al excusado el teléfono de la empresa 😔 valiendo como siempre!",Thu Sep 17 19:06:39 +0000 2020,"Cocula, Jalisco","[[[-103.944825, 20.264165], [-103.944825, 20.542748], [-103.73863, 20.542748], [-103.73863, 20.264165]]]"
"Arte de excusado. WcArt en Ixtapa, Guerrero https://t.co/0KcfDlBtal",Fri Sep 18 23:40:37 +0000 2020,"José Azueta, Guerrero","[[[-101.714639, 17.540426], [-101.714639, 18.060683], [-101.199391, 18.060683], [-101.199391, 17.540426]]]"
Es un excusado,Sat Sep 19 18:49:51 +0000 2020,"Cuautitlán Izcalli, México","[[[-99.294897, 19.580497], [-99.294897, 19.732082], [-99.172417, 19.732082], [-99.172417, 19.580497]]]"
"No importa si sigues a supermodelos, políticos o intelectuales: la mayoría de sus tuits se escriben desde el excusado.",Sun Sep 27 07:09:07 +0000 2020,"Cuauhtémoc, Distrito Federal","[[[-99.18435, 19.399835], [-99.18435, 19.465837], [-99.122382, 19.465837], [-99.122382, 19.399835]]]"
"“En la antigua Roma, los antiguos senadores discutían las leyes sentados en excusados mientras cagaban. Creo que se… https://t.co/glTKyqCoKa",Mon Oct 05 19:41:28 +0000 2020,"Mexicali, Baja California","[[[-115.818421, 30.86042], [-115.818421, 32.718919], [-114.639939, 32.718919], [-114.639939, 30.86042]]]"
"@ReyesRdzM Excusado
#RenunciaReyesRodriguez",Tue Oct 06 07:00:22 +0000 2020,"Guadalajara, Jalisco","[[[-103.408633, 20.600585], [-103.408633, 20.752719], [-103.263131, 20.752719], [-103.263131, 20.600585]]]"
@L3Luisa Si para que se vaya por el excusado,Wed Oct 14 04:09:25 +0000 2020,"Álvaro Obregón, Distrito Federal","[[[-99.324375, 19.232228], [-99.324375, 19.403856], [-99.171644, 19.403856], [-99.171644, 19.232228]]]"
@ferbelaunzaran @empanadajodona @CitlaHM La puerca ignorante es una marrana campante. Pobres excusados.,Sun Oct 18 19:49:07 +0000 2020,"Querétaro, Querétaro Arteaga","[[[-100.596343, 20.50317], [-100.596343, 20.927379], [-100.284846, 20.927379], [-100.284846, 20.50317]]]"
@A_ausdenRuthen Deja tú las celdas: el excusado!,Sun Oct 18 22:13:41 +0000 2020,"Querétaro, Querétaro Arteaga","[[[-100.596343, 20.50317], [-100.596343, 20.927379], [-100.284846, 20.927379], [-100.284846, 20.50317]]]"
"@andreaaa027 @SuGar_Pz @CitlaHM La puerca no tendrá forma de ocultarse. De hecho, ocupará dos celdas. Pobres excusados.",Mon Oct 19 00:17:53 +0000 2020,"Querétaro, Querétaro Arteaga","[[[-100.596343, 20.50317], [-100.596343, 20.927379], [-100.284846, 20.927379], [-100.284846, 20.50317]]]"
No a cual irle ..que metan la cara al excusado y le jalen 🙏,Mon Oct 19 04:44:50 +0000 2020,"Benito Juárez, Quintana Roo","[[[-87.322724, 20.734206], [-87.322724, 21.363232], [-86.740605, 21.363232], [-86.740605, 20.734206]]]"
@alex_dm71 @RiosCorona222 Se proyecta la cenagorda... mamut si es... pobres excusados!,Mon Oct 19 20:18:48 +0000 2020,"Querétaro, Querétaro Arteaga","[[[-100.596343, 20.50317], [-100.596343, 20.927379], [-100.284846, 20.927379], [-100.284846, 20.50317]]]"
Ya le van a cerrar el excusado?? https://t.co/WAhmbN3IQK,Tue Oct 20 17:18:19 +0000 2020,"Benito Juárez, Distrito Federal","[[[-99.191996, 19.357102], [-99.191996, 19.404124], [-99.130965, 19.404124], [-99.130965, 19.357102]]]"
@CenaidaKilos Percudido el cuello... pobre papel sanitario... pobres excusados con esta engendra,Tue Oct 20 19:21:27 +0000 2020,"Querétaro, Querétaro Arteaga","[[[-100.596343, 20.50317], [-100.596343, 20.927379], [-100.284846, 20.927379], [-100.284846, 20.50317]]]"
"@mario_delgado @lopezobrador_ Gobiérnate, Doblado. Gobiérnate. Tus desviaciones te rebasan. Eres un excusado de baño público.",Tue Oct 20 19:26:27 +0000 2020,"Querétaro, Querétaro Arteaga","[[[-100.596343, 20.50317], [-100.596343, 20.927379], [-100.284846, 20.927379], [-100.284846, 20.50317]]]"
Uno puede llorar hasta con la palabra “excusado” si tiene ganas de llorar. Y esto es lo que hoy me pasa . Estoy dis… https://t.co/vl9xJ5skOY,Thu Oct 22 06:10:34 +0000 2020,"Puebla, México","[[[-98.289206, 18.83765], [-98.289206, 19.226809], [-98.019327, 19.226809], [-98.019327, 18.83765]]]"
Critican a Enrique Iglesias por posar en el excusado con su Latin Billboard: Cibernautas cuestionaron la importanci… https://t.co/rMrCSxLj3H,Thu Oct 22 14:27:14 +0000 2020,"Benito Juárez, Distrito Federal","[[[-99.191996, 19.357102], [-99.191996, 19.404124], [-99.130965, 19.404124], [-99.130965, 19.357102]]]"
@EstherPantoja26 Anda buscando excusados resistentes,Thu Oct 22 17:52:20 +0000 2020,"Querétaro, Querétaro Arteaga","[[[-100.596343, 20.50317], [-100.596343, 20.927379], [-100.284846, 20.927379], [-100.284846, 20.50317]]]"
#LadyGuacala hazme favor de meter la cara al excusado! Ahhh y porfa..le jalas!!!!,Mon Oct 26 13:07:29 +0000 2020,"Benito Juárez, Quintana Roo","[[[-87.322724, 20.734206], [-87.322724, 21.363232], [-86.740605, 21.363232], [-86.740605, 20.734206]]]"
"@hdemauleon Tan profesionales que se ven en lo que hacen y salen con estas publicaciones, quedan excusados todos lo… https://t.co/VUNw5hX8iX",Mon Oct 26 19:26:14 +0000 2020,"Torreón, Coahuila de Zaragoza","[[[-103.511379, 24.793821], [-103.511379, 25.694625], [-102.954881, 25.694625], [-102.954881, 24.793821]]]"
Tiempo oficial para ponerle calcetín de peluche al excusado y no enfriarse las naylons 👍🏻,Thu Oct 29 18:51:49 +0000 2020,"Monterrey, Nuevo León","[[[-100.421037, 25.480538], [-100.421037, 25.802899], [-100.166146, 25.802899], [-100.166146, 25.480538]]]"
"#PifiaGarrafalDelINE al haber reconocido esos partidos,  dinero tirado al excusado",Thu Oct 29 18:54:16 +0000 2020,"Centro, Tabasco","[[[-93.248341, 17.7035], [-93.248341, 18.340419], [-92.584658, 18.340419], [-92.584658, 17.7035]]]"
Ya solo falta que #ElCacasObrador diga que los excusados se usan en su contra !Y es verdad¡ 💩🤣🤣… https://t.co/QJ0p6FjMwX,Sat Nov 14 20:51:19 +0000 2020,"Mérida, Yucatán","[[[-89.798197, 20.695104], [-89.798197, 21.186966], [-89.449025, 21.186966], [-89.449025, 20.695104]]]"
@bta_Demian Ni para lavar el excusado...,Tue Nov 24 18:48:36 +0000 2020,"El Marqués, Querétaro Arteaga","[[[-100.405474, 20.520117], [-100.405474, 20.971164], [-100.151207, 20.971164], [-100.151207, 20.520117]]]"
"@Donvix La peste que va a salir de ese ""excusado"" de baño público, va a ser como si le hubieran dado a uno, un buen patadon en la nariz",Wed Nov 25 01:47:22 +0000 2020,"Guadalajara, Jalisco","[[[-103.408633, 20.600585], [-103.408633, 20.752719], [-103.263131, 20.752719], [-103.263131, 20.600585]]]"
@qtf Piensa mas un excusado o taza de baño que la cabeza de esta tipa! 🚽🚽🚽🚽🚽🚽🚽🚽🚽😹😹😹😹😹😹😹😹😹😹,Wed Nov 25 12:47:48 +0000 2020,"Nezahualcóyotl, México","[[[-99.067766, 19.366862], [-99.067766, 19.498582], [-98.966267, 19.498582], [-98.966267, 19.366862]]]"
"@PKSsoy @Contramar01 Si su boca es una de las salidas del excusado, la principal, sus fieles son el equivalente a cañeria.",Sun Nov 29 16:17:27 +0000 2020,"Miguel Hidalgo, Distrito Federal","[[[-99.259495, 19.386371], [-99.259495, 19.473498], [-99.163526, 19.473498], [-99.163526, 19.386371]]]"
"@Tarzan_Koa Ese es mi destino, amigo.  Morir cagando en el excusado, tal como Chris Farley.",Tue Dec 01 03:51:07 +0000 2020,"Guadalupe, Nuevo León","[[[-100.274823, 25.621688], [-100.274823, 25.731519], [-100.117445, 25.731519], [-100.117445, 25.621688]]]"
parece tasa de excusado,Tue Dec 08 02:06:59 +0000 2020,"Hermosillo, Sonora","[[[-112.615459, 28.228442], [-112.615459, 29.711283], [-110.380903, 29.711283], [-110.380903, 28.228442]]]"
"@author_cravioto hay bienestar micro y familiar.eres fskesamarillista
papelpalexcusadoseudointelectual.endiciones
b",Tue Dec 08 21:32:05 +0000 2020,"Poza Rica de Hidalgo, Veracruz de Ignacio de la Llave","[[[-97.491275, 20.491796], [-97.491275, 20.581222], [-97.403714, 20.581222], [-97.403714, 20.491796]]]"
@elsaltillense Los Chuchos del PRD .. pero se van pronto al excusado,Sat Dec 19 05:12:21 +0000 2020,"Coacalco de Berriozábal, México","[[[-99.127265, 19.589845], [-99.127265, 19.662165], [-99.053342, 19.662165], [-99.053342, 19.589845]]]"
"No ps chingon que la noticia del Ame sea la renovación del Merma.

Hasta los huevos del excusados",Mon Dec 28 01:53:34 +0000 2020,"Gustavo A. Madero, Distrito Federal","[[[-99.180678, 19.444937], [-99.180678, 19.592375], [-99.051103, 19.592375], [-99.051103, 19.444937]]]"
Siboldi y Aquino se caen... Un trabajo más del excusados #FueraBaños,Mon Dec 28 03:45:53 +0000 2020,"Gustavo A. Madero, Distrito Federal","[[[-99.180678, 19.444937], [-99.180678, 19.592375], [-99.051103, 19.592375], [-99.051103, 19.444937]]]"
Lo positivo es que son 6 meses nomas de aguantar la ineptitud de Santiago Excusados,Mon Dec 28 23:39:31 +0000 2020,"Gustavo A. Madero, Distrito Federal","[[[-99.180678, 19.444937], [-99.180678, 19.592375], [-99.051103, 19.592375], [-99.051103, 19.444937]]]"
@CenaidaKilos Pobres excusados...,Tue Dec 29 18:35:19 +0000 2020,"Querétaro, Querétaro Arteaga","[[[-100.596343, 20.50317], [-100.596343, 20.927379], [-100.284846, 20.927379], [-100.284846, 20.50317]]]"
@bta_Demian La tiró al excusado,Wed Dec 30 00:18:49 +0000 2020,"El Marqués, Querétaro Arteaga","[[[-100.405474, 20.520117], [-100.405474, 20.971164], [-100.151207, 20.971164], [-100.151207, 20.520117]]]"
@Ddgoofy Tú estás excusado no hay pedo.,Sat Jan 02 01:11:17 +0000 2021,"Monterrey, Nuevo León","[[[-100.421037, 25.480538], [-100.421037, 25.802899], [-100.166146, 25.802899], [-100.166146, 25.480538]]]"
Además tuiter ¡es el excusado de la cantina!,Fri Jan 08 01:06:29 +0000 2021,"Guadalupe, Nuevo León","[[[-100.274823, 25.621688], [-100.274823, 25.731519], [-100.117445, 25.731519], [-100.117445, 25.621688]]]"
"Qué no era mejor tener a Haret en vez de Silva??

PTM, pinche excusados",Sun Jan 10 21:01:13 +0000 2021,"Gustavo A. Madero, Distrito Federal","[[[-99.180678, 19.444937], [-99.180678, 19.592375], [-99.051103, 19.592375], [-99.051103, 19.444937]]]"
"Sucedió mi peor pesadilla:
Fui al baño de mi novia y se tapó el excusado.
Cadena de oración para que no termine conmigo 🙏.",Thu Jan 14 02:32:34 +0000 2021,"Mérida, Yucatán","[[[-89.798197, 20.695104], [-89.798197, 21.186966], [-89.449025, 21.186966], [-89.449025, 20.695104]]]"
"@penileyramirez Duro y a la cabeza, esto está poniéndose bueno, como jalar la cadena del inodoro o excusado,y está… https://t.co/dgRkeEENqT",Sat Jan 16 18:00:48 +0000 2021,"Coyoacán, Distrito Federal","[[[-99.205809, 19.297011], [-99.205809, 19.359755], [-99.098871, 19.359755], [-99.098871, 19.297011]]]"
"@soniachocron Quedan excusados todos sus ""grabbing to the pussy"" a centenares de jovencitas a su paso, y las ""dozen… https://t.co/Kt2kDDXdt2",Sun Jan 17 20:32:03 +0000 2021,"Cuajimalpa de Morelos, Distrito Federal","[[[-99.364536, 19.232313], [-99.364536, 19.405081], [-99.246625, 19.405081], [-99.246625, 19.232313]]]"
"@RAEinforma  ¡buenos días! Tengo una pregunta:
¿Qué es correcto? ¿Escusado o excusado? Hablando del retrete.",Thu Jan 21 12:19:05 +0000 2021,"Xochimilco, Distrito Federal","[[[-99.160023, 19.152878], [-99.160023, 19.319611], [-99.003557, 19.319611], [-99.003557, 19.152878]]]"
@RAEinforma  #DudaRAE ¿qué es correcto? ¿Escusado o excusado? (Hablando del retrete),Thu Jan 21 13:10:06 +0000 2021,"Xochimilco, Distrito Federal","[[[-99.160023, 19.152878], [-99.160023, 19.319611], [-99.003557, 19.319611], [-99.003557, 19.152878]]]"
"Levantarse al baño a esta hora de la mañana con este frío, aunado al frío del excusado, debe ser la manera en que D… https://t.co/VGR4D8VJY8",Fri Jan 22 08:15:55 +0000 2021,"Zapopan, Jalisco","[[[-103.664175, 20.583418], [-103.664175, 20.997896], [-103.305374, 20.997896], [-103.305374, 20.583418]]]"
@JJDiazMachuca La Zoppy es un trapeador de excusado público.,Fri Jan 22 20:46:15 +0000 2021,"Querétaro, Querétaro Arteaga","[[[-100.596343, 20.50317], [-100.596343, 20.927379], [-100.284846, 20.927379], [-100.284846, 20.50317]]]"
Los problemas hay que tirarlos por el excusado 👌😌,Tue Jan 26 18:56:24 +0000 2021,"Zapotlanejo, Jalisco","[[[-103.279886, 20.48749], [-103.279886, 20.798194], [-102.871677, 20.798194], [-102.871677, 20.48749]]]"
Se cambió de excusado nadamas,Wed Feb 03 03:48:33 +0000 2021,"Iztapalapa, Distrito Federal","[[[-99.140238, 19.284692], [-99.140238, 19.400885], [-98.960684, 19.400885], [-98.960684, 19.284692]]]"
"@monerohernandez Quadri en Coyoacán como candidato?, que hacer?, pues al excusado de la historia, ningún voto para el PAN!!!",Fri Feb 05 05:43:49 +0000 2021,"Iztacalco, Distrito Federal","[[[-99.137171, 19.375769], [-99.137171, 19.422433], [-99.055821, 19.422433], [-99.055821, 19.375769]]]"
@BrianLoga [Enviado desde el excusado],Fri Feb 05 17:40:00 +0000 2021,"Coatepec, Veracruz de Ignacio de la Llave","[[[-97.107034, 19.362208], [-97.107034, 19.534598], [-96.795978, 19.534598], [-96.795978, 19.362208]]]"
"Así es esto del excusado de la Secundaria, profe...",Sun Feb 07 00:55:00 +0000 2021,"Guadalupe, Nuevo León","[[[-100.274823, 25.621688], [-100.274823, 25.731519], [-100.117445, 25.731519], [-100.117445, 25.621688]]]"
@CinthyaLope Esto solo tiene sentido si comes dentro de un excusado🚽,Tue Feb 09 09:07:21 +0000 2021,"Mérida, Yucatán","[[[-89.798197, 20.695104], [-89.798197, 21.186966], [-89.449025, 21.186966], [-89.449025, 20.695104]]]"
"@epigmenioibarra @RevistaUay Así son los que te odian Epi! 
Tiralos al excusado! https://t.co/OwI7oRkcRx",Fri Feb 12 22:12:10 +0000 2021,"Iztapalapa, Distrito Federal","[[[-99.140238, 19.284692], [-99.140238, 19.400885], [-98.960684, 19.400885], [-98.960684, 19.284692]]]"
Uggg ojalá a él sí le explote el excusado,Thu Feb 18 23:14:42 +0000 2021,"Aguascalientes, México","[[[-102.588385, 21.622938], [-102.588385, 22.07598], [-102.066029, 22.07598], [-102.066029, 21.622938]]]"
@pedroferriz3 Callo pegate unos chivos y de paso Checa tarjeta con el cabeza de flotador de excusado,Sat Feb 20 15:59:44 +0000 2021,"Miguel Hidalgo, Distrito Federal","[[[-99.259495, 19.386371], [-99.259495, 19.473498], [-99.163526, 19.473498], [-99.163526, 19.386371]]]"
"@acastagne @lopezobrador_ El cacas irá a donde pertenece,el excusado de la historia!",Sat Feb 20 21:15:28 +0000 2021,"Iztapalapa, Distrito Federal","[[[-99.140238, 19.284692], [-99.140238, 19.400885], [-98.960684, 19.400885], [-98.960684, 19.284692]]]"
Jalaron la cadena del excusado,Wed Feb 24 20:11:12 +0000 2021,"Iztacalco, Distrito Federal","[[[-99.137171, 19.375769], [-99.137171, 19.422433], [-99.055821, 19.422433], [-99.055821, 19.375769]]]"
Vaya excusado que es la #CuartaTransformación #RCATimes,Thu Feb 25 15:37:06 +0000 2021,"Nogales, Sonora","[[[-111.353471, 31.007209], [-111.353471, 31.377975], [-110.649331, 31.377975], [-110.649331, 31.007209]]]"
@luissanchzrob @DrNetas Buenos se cambió la tapa del excusado o no,Fri Feb 26 16:44:25 +0000 2021,"Puebla, México","[[[-98.289206, 18.83765], [-98.289206, 19.226809], [-98.019327, 19.226809], [-98.019327, 18.83765]]]"
"@Prifiscifilafa La receta: alka-seltzer.

Una caja completa, se la vacías al excusado y te sientas en chinga.",Wed Mar 03 01:46:42 +0000 2021,"Miguel Hidalgo, Distrito Federal","[[[-99.259495, 19.386371], [-99.259495, 19.473498], [-99.163526, 19.473498], [-99.163526, 19.386371]]]"
Me acaban de decir que en Torreón hay tierra todas partes y que a partir de las 4pm empieza a oler a excusado,Fri Mar 05 17:39:56 +0000 2021,"Torreón, Coahuila de Zaragoza","[[[-103.511379, 24.793821], [-103.511379, 25.694625], [-102.954881, 25.694625], [-102.954881, 24.793821]]]"
@FrankEsMiNombre #ladofdefrankenvivo cosas que pasan en casa ajena se tapa el excusado y no hay agua,Wed Mar 10 00:02:10 +0000 2021,"Nezahualcóyotl, México","[[[-99.067766, 19.366862], [-99.067766, 19.498582], [-98.966267, 19.498582], [-98.966267, 19.366862]]]"
@pedroferriz3 @lopezobrador_ Ya parale cabeza de flotador de excusado,Wed Mar 10 19:24:38 +0000 2021,"Miguel Hidalgo, Distrito Federal","[[[-99.259495, 19.386371], [-99.259495, 19.473498], [-99.163526, 19.473498], [-99.163526, 19.386371]]]"
"¿Drama?..........
Drama es ver caer en el excusado en cámara lenta.",Thu Mar 18 04:07:41 +0000 2021,"Chimalhuacán, México","[[[-98.989059, 19.372499], [-98.989059, 19.464765], [-98.892626, 19.464765], [-98.892626, 19.372499]]]"
@pedroferriz3 @_VicenteSerrano Que esperabas mi querido cabeza de flotador de excusado,Fri Mar 19 00:16:49 +0000 2021,"Miguel Hidalgo, Distrito Federal","[[[-99.259495, 19.386371], [-99.259495, 19.473498], [-99.163526, 19.473498], [-99.163526, 19.386371]]]"
@pedroferriz3 Relax mi querido cabeza de flotador de excusado,Fri Mar 19 21:04:29 +0000 2021,"Huixquilucan, México","[[[-99.404165, 19.305971], [-99.404165, 19.44218], [-99.232692, 19.44218], [-99.232692, 19.305971]]]"
@pedroferriz3 Ves mendigo quebezas de flotador de excusado nada te parece todo te en cabrona sanababish,Sat Mar 20 02:49:05 +0000 2021,"Miguel Hidalgo, Distrito Federal","[[[-99.259495, 19.386371], [-99.259495, 19.473498], [-99.163526, 19.473498], [-99.163526, 19.386371]]]"
@pedroferriz3 Ya no te metas esa madre querido flotador de excusado,Sat Mar 20 15:17:13 +0000 2021,"Miguel Hidalgo, Distrito Federal","[[[-99.259495, 19.386371], [-99.259495, 19.473498], [-99.163526, 19.473498], [-99.163526, 19.386371]]]"
Escuchando a mi Pastor y amigo @danielortizg predicar una muy buena palabra llamada “PROVOCADORES NO EXCUSADORES”… https://t.co/nDndAAza9e,Sun Mar 28 17:02:48 +0000 2021,"Piedras Negras, Coahuila de Zaragoza","[[[-100.769389, 28.607813], [-100.769389, 28.941725], [-100.44482, 28.941725], [-100.44482, 28.607813]]]"
"@juncalssolano Perdón, es el excusado?",Thu Apr 01 21:02:20 +0000 2021,"Mérida, Yucatán","[[[-89.798197, 20.695104], [-89.798197, 21.186966], [-89.449025, 21.186966], [-89.449025, 20.695104]]]"
@pedroferriz3 @alvaro_delgado Seas payaso cabeza de flotador de excusado el Pete 2 vieras como se atendió con los d… https://t.co/RiqrcJvh6c,Fri Apr 02 00:43:08 +0000 2021,"Miguel Hidalgo, Distrito Federal","[[[-99.259495, 19.386371], [-99.259495, 19.473498], [-99.163526, 19.473498], [-99.163526, 19.386371]]]"
@pedroferriz3 Es lo que te da coraje que el que debiese de andar ahí serias tu mendigo cabeza de flotador de excusado,Fri Apr 02 00:44:15 +0000 2021,"Miguel Hidalgo, Distrito Federal","[[[-99.259495, 19.386371], [-99.259495, 19.473498], [-99.163526, 19.473498], [-99.163526, 19.386371]]]"
Queda prohibido hacer mingitorio y excusado de este lugar. https://t.co/dFAIOP29lr,Sun Apr 11 22:51:57 +0000 2021,"León, Guanajuato","[[[-101.833743, 20.863352], [-101.833743, 21.332768], [-101.369059, 21.332768], [-101.369059, 20.863352]]]"
@pedroferriz3 Seas cullello Pete puedes tener una hija así mendigo cabeza de flotador de excusado,Sun Apr 18 02:18:05 +0000 2021,"Miguel Hidalgo, Distrito Federal","[[[-99.259495, 19.386371], [-99.259495, 19.473498], [-99.163526, 19.473498], [-99.163526, 19.386371]]]"
@DennBMcdougall Directo al excusado https://t.co/YYF73JRCcS,Sun Apr 18 14:37:31 +0000 2021,"Monterrey, Nuevo León","[[[-100.421037, 25.480538], [-100.421037, 25.802899], [-100.166146, 25.802899], [-100.166146, 25.480538]]]"
@CarlosAJimnez4 Pal excusado 🚾,Wed Apr 21 22:05:03 +0000 2021,"Álvaro Obregón, Distrito Federal","[[[-99.324375, 19.232228], [-99.324375, 19.403856], [-99.171644, 19.403856], [-99.171644, 19.232228]]]"
"@JuanIZavala @yukaile En no lo llama excusado mobil, el lo llama 'hogar"".",Thu Apr 22 03:33:31 +0000 2021,"Miguel Hidalgo, Distrito Federal","[[[-99.259495, 19.386371], [-99.259495, 19.473498], [-99.163526, 19.473498], [-99.163526, 19.386371]]]"
@ArpiaDelNorte «Cómo cerrar la tapa del excusado» y cien curiosidades más ( ꈍᴗꈍ),Tue Apr 27 00:01:19 +0000 2021,"Querétaro, Querétaro Arteaga","[[[-100.596343, 20.50317], [-100.596343, 20.927379], [-100.284846, 20.927379], [-100.284846, 20.50317]]]"
@JLozanoA Jajaja es menos asqueroso ver el excusado de la central camionera que ver a un saco de pus y una cubeta de vómito,Tue Apr 27 04:28:49 +0000 2021,"Chihuahua, México","[[[-106.619964, 28.096608], [-106.619964, 29.787124], [-105.705833, 29.787124], [-105.705833, 28.096608]]]"
Pues sí le debería de importar. Usted se tenía que haber excusado inmediatamente de que supo de la ampliación de su… https://t.co/CX0goci0E7,Tue Apr 27 16:05:12 +0000 2021,"Coatzacoalcos, Veracruz de Ignacio de la Llave","[[[-94.637726, 18.061419], [-94.637726, 18.209491], [-94.227238, 18.209491], [-94.227238, 18.061419]]]"
@LauraMex Si con esa boquita come como estará su excusado. Ya cabron. Ni un voto a morena.,Thu Apr 29 01:46:29 +0000 2021,"Oaxaca de Juárez, Oaxaca","[[[-96.780697, 17.015437], [-96.780697, 17.165201], [-96.669308, 17.165201], [-96.669308, 17.015437]]]"
@Curandarendira Con los mismos germenes que hay en un excusado...,Fri Apr 30 19:00:11 +0000 2021,"Huixquilucan, México","[[[-99.404165, 19.305971], [-99.404165, 19.44218], [-99.232692, 19.44218], [-99.232692, 19.305971]]]"
"Consejero Presidente @ArturoZaldivarL , nadamás le recuerdo que usted debió de haberse excusado desde el primer mom… https://t.co/x0lWgzHVGH",Sat May 01 23:58:54 +0000 2021,"Coatzacoalcos, Veracruz de Ignacio de la Llave","[[[-94.637726, 18.061419], [-94.637726, 18.209491], [-94.227238, 18.209491], [-94.227238, 18.061419]]]"
@pedroferriz3 @ClaudioXGG Mendigo cabeza de flotador de excusado,Sat May 08 00:24:13 +0000 2021,"Miguel Hidalgo, Distrito Federal","[[[-99.259495, 19.386371], [-99.259495, 19.473498], [-99.163526, 19.473498], [-99.163526, 19.386371]]]"
@pedroferriz3 Mendigo cabeza de flotador de excusado seas faltoso sanababish,Sun May 09 20:45:12 +0000 2021,"Miguel Hidalgo, Distrito Federal","[[[-99.259495, 19.386371], [-99.259495, 19.473498], [-99.163526, 19.473498], [-99.163526, 19.386371]]]"
"@A_ausdenRuthen 🤣🤣🤣🤣🤣🤣🤣🤣🤣🤣
!El remate de música macabra al final y lo ojos excusadores no tienen precio!

!Para tod… https://t.co/h2EBnmKaxr",Sun May 16 14:30:15 +0000 2021,"Benito Juárez, Distrito Federal","[[[-99.191996, 19.357102], [-99.191996, 19.404124], [-99.130965, 19.404124], [-99.130965, 19.357102]]]"
@ViktorKrycek @ChumelTorres Compa... ¿Te leíste lo que escribiste?  Estas excusado al presidente?  O a quien vende niñas?,Sun May 23 12:39:59 +0000 2021,"Benito Juárez, Distrito Federal","[[[-99.191996, 19.357102], [-99.191996, 19.404124], [-99.130965, 19.404124], [-99.130965, 19.357102]]]"
@SomosLJA @arturoavila_mx  excusado https://t.co/k18nzxpvpG,Sun May 23 14:15:53 +0000 2021,"Aguascalientes, México","[[[-102.588385, 21.622938], [-102.588385, 22.07598], [-102.066029, 22.07598], [-102.066029, 21.622938]]]"
Es tirar dinero al excusado. Igual que los hospitales homeopáticos de la SSA.,Mon May 24 00:56:45 +0000 2021,"Benito Juárez, Distrito Federal","[[[-99.191996, 19.357102], [-99.191996, 19.404124], [-99.130965, 19.404124], [-99.130965, 19.357102]]]"
Nuevo cepillo pa embarrar mas la caca del excusado https://t.co/kxbMYY1AFz,Mon May 24 02:44:23 +0000 2021,"Benito Juárez, Quintana Roo","[[[-87.322724, 20.734206], [-87.322724, 21.363232], [-86.740605, 21.363232], [-86.740605, 20.734206]]]"
@pedroferriz3 Mendigo cabeza de flotador de excusado de kgda,Sun May 30 23:37:24 +0000 2021,"Cuauhtémoc, Distrito Federal","[[[-99.18435, 19.399835], [-99.18435, 19.465837], [-99.122382, 19.465837], [-99.122382, 19.399835]]]"
@pedroferriz3 @lopezobrador_ A wevo mendigo cabeza de flotador de excusado,Wed Jun 02 21:49:44 +0000 2021,"Miguel Hidalgo, Distrito Federal","[[[-99.259495, 19.386371], [-99.259495, 19.473498], [-99.163526, 19.473498], [-99.163526, 19.386371]]]"
Hora de bajarle al excusado..... https://t.co/u1u5xpR6rk,Sun Jun 06 17:27:38 +0000 2021,"San Pedro Garza García, Nuevo León","[[[-100.425188, 25.583557], [-100.425188, 25.717018], [-100.306878, 25.717018], [-100.306878, 25.583557]]]"
@pedroferriz3 Sienta frío mendigo cabeza de flotador de excusado,Sun Jun 06 19:09:50 +0000 2021,"Venustiano Carranza, Distrito Federal","[[[-99.128294, 19.404352], [-99.128294, 19.459799], [-99.04734, 19.459799], [-99.04734, 19.404352]]]"
"Me da muy mala espina lo del ministro @ArturoZaldivarL , se debió de haber excusado desde un principio , como lo hu… https://t.co/RD47tFE2Qz",Wed Jun 09 02:22:10 +0000 2021,"Coatzacoalcos, Veracruz de Ignacio de la Llave","[[[-94.637726, 18.061419], [-94.637726, 18.209491], [-94.227238, 18.209491], [-94.227238, 18.061419]]]"
"Sor Juana sobre *CLEOPATRA*

Un áspid al blanco pecho
aplica amante Cleopatra.
¡Oh que excusado era el áspid
adonde… https://t.co/84gijiXv4i",Wed Jun 09 15:31:25 +0000 2021,"Cuauhtémoc, Distrito Federal","[[[-99.18435, 19.399835], [-99.18435, 19.465837], [-99.122382, 19.465837], [-99.122382, 19.399835]]]"
En el excusado.,Wed Jun 09 23:16:29 +0000 2021,"Cosoleacaque, Veracruz de Ignacio de la Llave","[[[-94.690437, 17.86993], [-94.690437, 18.142073], [-94.413277, 18.142073], [-94.413277, 17.86993]]]"
@SoniaSenz4 dejalos qué fluyan por tú excusado y qué sus comentarios te hagan lo qué el viento a Juárez!,Sat Jun 12 00:40:12 +0000 2021,"Puebla, México","[[[-98.289206, 18.83765], [-98.289206, 19.226809], [-98.019327, 19.226809], [-98.019327, 18.83765]]]"
Aguas con los excusados en #Mérida gente! 🦎,Mon Jun 14 20:12:41 +0000 2021,"Mérida, Yucatán","[[[-89.798197, 20.695104], [-89.798197, 21.186966], [-89.449025, 21.186966], [-89.449025, 20.695104]]]"
@CocaColaMx Muy buena para la limpieza de mi hogar. La recomiendo cuando el excusado se tapo de tanta mierda. https://t.co/NRGqZK8TBo,Thu Jun 17 16:37:11 +0000 2021,"Miguel Hidalgo, Distrito Federal","[[[-99.259495, 19.386371], [-99.259495, 19.473498], [-99.163526, 19.473498], [-99.163526, 19.386371]]]"
Se juntó la mierda en el excusado,Sat Jun 19 04:20:40 +0000 2021,"Linares, Nuevo León","[[[-99.962075, 24.560352], [-99.962075, 25.151283], [-99.114001, 25.151283], [-99.114001, 24.560352]]]"
Visitar a tu familiar en  cualquier hospital del IMSS te bajonea nivel querer ahogar en el excusado a todo esos que… https://t.co/Tpk10wlNcx,Mon Jun 21 17:33:05 +0000 2021,"Benito Juárez, Distrito Federal","[[[-99.191996, 19.357102], [-99.191996, 19.404124], [-99.130965, 19.404124], [-99.130965, 19.357102]]]"
@pedroferriz3 Seas payaso cabeza de flotador de excusado,Tue Jun 22 23:35:08 +0000 2021,"Venustiano Carranza, Distrito Federal","[[[-99.128294, 19.404352], [-99.128294, 19.459799], [-99.04734, 19.459799], [-99.04734, 19.404352]]]"
"@conirojo @JavierJmnz4 @mario_delgado DÉ acuerdo, hay qué jalar la palanca al excusado, y sé larguen a su lugar de Origen!!",Sun Jun 27 14:53:49 +0000 2021,"Nezahualcóyotl, México","[[[-99.067766, 19.366862], [-99.067766, 19.498582], [-98.966267, 19.498582], [-98.966267, 19.366862]]]"
"“estas tirando feria al excusado
si no tienes un programa de radio.”
#YOYOYO! #HIPHOPSHOW x @yomobilemx
LUN/VIE de… https://t.co/vk6Gfhgd0m",Wed Jun 30 19:16:16 +0000 2021,"Iztapalapa, Distrito Federal","[[[-99.140238, 19.284692], [-99.140238, 19.400885], [-98.960684, 19.400885], [-98.960684, 19.284692]]]"
"@2010MisterChip Sigues pero sin cumplir tu apuesta, tobogán de piojos. Descuida que no sorprende.

España es el excusado de Europa.",Sun Jul 04 12:14:25 +0000 2021,"Yecapixtla, Morelos","[[[-98.92922, 18.762162], [-98.92922, 18.9568], [-98.792051, 18.9568], [-98.792051, 18.762162]]]"
@lley22 @monerorictus @jlpreciadob @ElFinanciero_Mx Jajajaja osea ya están excusado que no hará nada los siguientes… https://t.co/2tW5FQshiC,Fri Jul 09 23:02:31 +0000 2021,"Coyoacán, Distrito Federal","[[[-99.205809, 19.297011], [-99.205809, 19.359755], [-99.098871, 19.359755], [-99.098871, 19.297011]]]"
"Pero seguimos dándole chamba al pinche excusados.

Un plantel TERRIBLEMENTE armado, que contrata a 3 jugadores supl… https://t.co/K2WS0OpD3M",Fri Jul 23 04:15:55 +0000 2021,"Gustavo A. Madero, Distrito Federal","[[[-99.180678, 19.444937], [-99.180678, 19.592375], [-99.051103, 19.592375], [-99.051103, 19.444937]]]"
"@pincheprys Supuestamente, en el excusado, pero la mayoría de ellos se tapan.
Ahora que, dicen que los papeles son… https://t.co/nK6QAm0RL1",Fri Jul 23 18:15:00 +0000 2021,"Cuautitlán Izcalli, México","[[[-99.294897, 19.580497], [-99.294897, 19.732082], [-99.172417, 19.732082], [-99.172417, 19.580497]]]"
@ArpiaDelNorte Que defiendes que los niños tomen agua del excusado.,Fri Jul 23 23:32:00 +0000 2021,"Querétaro, Querétaro Arteaga","[[[-100.596343, 20.50317], [-100.596343, 20.927379], [-100.284846, 20.927379], [-100.284846, 20.50317]]]"
"""El gobierno excusado"" mejor dicho no se podría, lean la columna 👇 y entiendan el significado de una de las farsas… https://t.co/W3P6VSsWRb",Mon Jul 26 23:27:16 +0000 2021,"Villagrán, Guanajuato","[[[-101.112556, 20.501063], [-101.112556, 20.586978], [-100.889221, 20.586978], [-100.889221, 20.501063]]]"
@RamirezClaudia_ El codicioso avaro y sus excusas. ¿Lo excusamos? Pues... excusado (de wc)!,Tue Jul 27 15:17:17 +0000 2021,"Iztapalapa, Distrito Federal","[[[-99.140238, 19.284692], [-99.140238, 19.400885], [-98.960684, 19.400885], [-98.960684, 19.284692]]]"
Gobierno Excusado!!,Tue Jul 27 20:09:32 +0000 2021,"Tenancingo, México","[[[-99.642125, 18.852082], [-99.642125, 19.03983], [-99.488245, 19.03983], [-99.488245, 18.852082]]]"
@AlfredoJalife2 Qué opinan de este señor?  Fernández de Cevallos: AMLO tiene un “Gobierno Excusado”; da excusas en… https://t.co/xGJbNpBsU8,Wed Jul 28 03:21:28 +0000 2021,"Azcapotzalco, Distrito Federal","[[[-99.221136, 19.456367], [-99.221136, 19.5152], [-99.143116, 19.5152], [-99.143116, 19.456367]]]"
@DiegoFC Y el más caro excusado de México está en palacio nacional.......,Wed Jul 28 11:35:41 +0000 2021,"Puebla, México","[[[-98.289206, 18.83765], [-98.289206, 19.226809], [-98.019327, 19.226809], [-98.019327, 18.83765]]]"
Pedófilos escondidos y excusados por movimientos políticos,Tue Aug 10 14:08:22 +0000 2021,"Ensenada, Baja California","[[[-118.403857, 27.998889], [-118.403857, 32.314088], [-112.7559, 32.314088], [-112.7559, 27.998889]]]"
"20 años de esfuerzo, sudor y sangre tirados al excusado.",Tue Aug 17 13:20:21 +0000 2021,"Monterrey, Nuevo León","[[[-100.421037, 25.480538], [-100.421037, 25.802899], [-100.166146, 25.802899], [-100.166146, 25.480538]]]"
"@MRzb27 @LaColoniaJuarez @AlcCuauhtemocMx Sí, es un asco. Es un excusado al aire libre, deplorable y asqueroso y na… https://t.co/HGI3G4Coiv",Sat Aug 21 04:46:11 +0000 2021,"Cuauhtémoc, Distrito Federal","[[[-99.18435, 19.399835], [-99.18435, 19.465837], [-99.122382, 19.465837], [-99.122382, 19.399835]]]"
Vienen del mismo excusado,Sat Aug 21 17:20:35 +0000 2021,"Benito Juárez, Distrito Federal","[[[-99.191996, 19.357102], [-99.191996, 19.404124], [-99.130965, 19.404124], [-99.130965, 19.357102]]]"
"@fersch_4 @RenatoIbarraM Chécate los de Faitelson, Gomes Junco como ejemplo. Tienen las tazas de sus excusado batid… https://t.co/zmN1tXP3PZ",Mon Aug 23 04:22:24 +0000 2021,"Iztapalapa, Distrito Federal","[[[-99.140238, 19.284692], [-99.140238, 19.400885], [-98.960684, 19.400885], [-98.960684, 19.284692]]]"
"....al parecer mis enemigos, los de -LA tripa- ya la tiraron con todo y empaque al excusado y un buen SAMARITANO le habló a la CADENA....",Sat Aug 28 14:37:19 +0000 2021,"Puebla, México","[[[-98.289206, 18.83765], [-98.289206, 19.226809], [-98.019327, 19.226809], [-98.019327, 18.83765]]]"
"Querido roomie lamento que se haya muerto tú pescadito, ¿cómo lo supe? por que lo tiraste al excusado y no tiraste de la palanca 🙃",Sun Aug 29 02:14:23 +0000 2021,"Cuauhtémoc, Distrito Federal","[[[-99.18435, 19.399835], [-99.18435, 19.465837], [-99.122382, 19.465837], [-99.122382, 19.399835]]]"
"Llega un político como @Santi_ABASCAL que es firme, preparado y los pone en el excusado y se ofenden. Pero están mu… https://t.co/FJc2PWDGiD",Fri Sep 03 04:43:21 +0000 2021,"San Nicolás de los Garza, Nuevo León","[[[-100.337498, 25.702823], [-100.337498, 25.770607], [-100.20345, 25.770607], [-100.20345, 25.702823]]]"
"A los retretes y/o excusados, letrinas y conexos.",Sat Sep 11 01:34:16 +0000 2021,"Huixquilucan, México","[[[-99.404165, 19.305971], [-99.404165, 19.44218], [-99.232692, 19.44218], [-99.232692, 19.305971]]]"
"@capichi2020 Ahora las CACAS del PRIAN, Quieren vagar a los Excusados..",Sat Sep 11 20:09:09 +0000 2021,"Nacajuca, Tabasco","[[[-93.05727, 18.003071], [-93.05727, 18.348425], [-92.832279, 18.348425], [-92.832279, 18.003071]]]"
"¿Cuántos tuits y publicaciones geniales fueron creadas al calor del excusado?

#Literpo",Sun Sep 12 16:45:11 +0000 2021,"Santa Cruz Xoxocotlán, Oaxaca","[[[-96.801326, 16.963759], [-96.801326, 17.05254], [-96.713739, 17.05254], [-96.713739, 16.963759]]]"
"@dprulfo1 Peto sí pueden poner su nombre en basureros, baches, excusados públicos, cárteles de narcos y depósitos de aguas negras, no?",Sun Sep 12 18:06:14 +0000 2021,"Zapopan, Jalisco","[[[-103.664175, 20.583418], [-103.664175, 20.997896], [-103.305374, 20.997896], [-103.305374, 20.583418]]]"
@Imperiodistico Al menos ya quedó excusado de los procesos.,Fri Sep 24 00:13:52 +0000 2021,"Puebla, México","[[[-98.289206, 18.83765], [-98.289206, 19.226809], [-98.019327, 19.226809], [-98.019327, 18.83765]]]"
@JulsAriasOlivar @UNAM_MX Que se Investigue al Excusado del ITAM.. https://t.co/EsylO9XQ8O,Fri Sep 24 11:22:27 +0000 2021,"Nacajuca, Tabasco","[[[-93.05727, 18.003071], [-93.05727, 18.348425], [-92.832279, 18.348425], [-92.832279, 18.003071]]]"
@pedroferriz3 @Claudiashein Sino te creo a ti mendigo cabeza de flotador de excusado menos le voy a creer a la anemias,Mon Sep 27 21:29:50 +0000 2021,"Cuauhtémoc, Distrito Federal","[[[-99.18435, 19.399835], [-99.18435, 19.465837], [-99.122382, 19.465837], [-99.122382, 19.399835]]]"
Tomarse selfies con excusados de fondo es una manera de decirle al mundo que no tuviste acceso a la educación.,Fri Oct 01 14:26:20 +0000 2021,"Solidaridad, Quintana Roo","[[[-87.777003, 20.356869], [-87.777003, 20.812192], [-86.916961, 20.812192], [-86.916961, 20.356869]]]"
"@Gaby_4T @DarkDragn4 Si tienes hambre no tires tu dignidad al excusado, yo te mando una despensa. Espero que no ten… https://t.co/0Dzu5scyyF",Mon Oct 04 02:31:43 +0000 2021,"Guadalajara, Jalisco","[[[-103.408633, 20.600585], [-103.408633, 20.752719], [-103.263131, 20.752719], [-103.263131, 20.600585]]]"
"@HectorSisan @DiegoFC Remedo de dictador
Reducto del excusado
Drenaje del Vil primor
Un bicho mal ensalzado
Fuente… https://t.co/xCHHV7tQcg",Fri Oct 08 15:41:09 +0000 2021,"Zapopan, Jalisco","[[[-103.664175, 20.583418], [-103.664175, 20.997896], [-103.305374, 20.997896], [-103.305374, 20.583418]]]"
@pedroferriz3 Tu eres el presidente mendigo cabeza de flotador de excusado,Sun Oct 10 01:02:42 +0000 2021,"Miguel Hidalgo, Distrito Federal","[[[-99.259495, 19.386371], [-99.259495, 19.473498], [-99.163526, 19.473498], [-99.163526, 19.386371]]]"
@pedroferriz3 @jenarovillamil @JLozanoA 10 y 10 mendigo cabeza de flotador de excusado,Sun Oct 10 15:25:33 +0000 2021,"Azcapotzalco, Distrito Federal","[[[-99.221136, 19.456367], [-99.221136, 19.5152], [-99.143116, 19.5152], [-99.143116, 19.456367]]]"
Mucha igualdad de género pero no conozco a ninguna mujer que se tome la molestia de levantar la tapa del excusado después de usar el baño.,Fri Oct 15 18:50:57 +0000 2021,"Teoloyucán, México","[[[-99.250376, 19.714936], [-99.250376, 19.795683], [-99.132411, 19.795683], [-99.132411, 19.714936]]]"
@caminante46 Excusado,Sat Oct 23 23:24:35 +0000 2021,"Corregidora, Querétaro Arteaga","[[[-100.508629, 20.361791], [-100.508629, 20.595719], [-100.370833, 20.595719], [-100.370833, 20.361791]]]"
"@marianagc @AccionNacional @diputadospan Gorda cachetes de flotador de excusado, no digas mentiras, bien sabes que… https://t.co/7F99DBSZyi",Mon Oct 25 18:48:20 +0000 2021,"Iztapalapa, Distrito Federal","[[[-99.140238, 19.284692], [-99.140238, 19.400885], [-98.960684, 19.400885], [-98.960684, 19.284692]]]"
Uno de mis miedos es que un AirPod se me caiga al excusado .,Tue Oct 26 21:37:23 +0000 2021,"Monterrey, Nuevo León","[[[-100.421037, 25.480538], [-100.421037, 25.802899], [-100.166146, 25.802899], [-100.166146, 25.480538]]]"
"parecen excusado, está lleno de miércoles tanto el universal como el loret",Tue Oct 26 23:15:46 +0000 2021,"Hermosillo, Sonora","[[[-112.615459, 28.228442], [-112.615459, 29.711283], [-110.380903, 29.711283], [-110.380903, 28.228442]]]"
"@avieu IGNOREMOS A ESE PAR DE BASOFIAS.  HIJOS DE EXCUSADOS DE CANTINA. SABEN Q IRRITAN, y les gusta mover su intes… https://t.co/ci4QjKovFy",Wed Oct 27 17:46:52 +0000 2021,"Guadalajara, Jalisco","[[[-103.408633, 20.600585], [-103.408633, 20.752719], [-103.263131, 20.752719], [-103.263131, 20.600585]]]"
No sé si echarme un cake o bailar con el excusado la de tiempo de vals de Chayanne… https://t.co/O3S3gMFLPC,Thu Oct 28 03:56:54 +0000 2021,"Querétaro, Querétaro Arteaga","[[[-100.596343, 20.50317], [-100.596343, 20.927379], [-100.284846, 20.927379], [-100.284846, 20.50317]]]"
Su disfraz preferido y en su excusado! 🚽 ja ja ja! @Chivas @LAIRREVERENTE15 https://t.co/HbOxH7HtYR,Sun Oct 31 18:40:09 +0000 2021,"Colima, México","[[[-103.824474, 18.872415], [-103.824474, 19.328269], [-103.489003, 19.328269], [-103.489003, 18.872415]]]"
"#COP26Glasgow #EmergencyonPlanetEarth
#blahblahblah 
“Basta de tratar a la naturaleza como un excusado”: Guterres https://t.co/KMNK7rvBcX",Tue Nov 02 08:43:28 +0000 2021,"Oaxaca de Juárez, Oaxaca","[[[-96.780697, 17.015437], [-96.780697, 17.165201], [-96.669308, 17.165201], [-96.669308, 17.015437]]]"
@RobotDeQueen ¡Es más asqueroso que el séptico que destapé después de que el excusado se tapara con más de un kilo… https://t.co/6w98EuuKgs,Sun Nov 07 12:34:11 +0000 2021,"Aguascalientes, México","[[[-102.588385, 21.622938], [-102.588385, 22.07598], [-102.066029, 22.07598], [-102.066029, 21.622938]]]"
Las familias mexicanas se dividen solamente en 2 tipos: las que dejan la tapa del excusado abajo y las que la dejan arriba.,Mon Nov 08 00:42:41 +0000 2021,"Zapopan, Jalisco","[[[-103.664175, 20.583418], [-103.664175, 20.997896], [-103.305374, 20.997896], [-103.305374, 20.583418]]]"
@pedroferriz3 Pero preguntale a tu Dad que les hizo A Javier y que Carmen no os hagas endejo mendigo cabeza de flotador de excusado,Wed Nov 10 00:38:59 +0000 2021,"Miguel Hidalgo, Distrito Federal","[[[-99.259495, 19.386371], [-99.259495, 19.473498], [-99.163526, 19.473498], [-99.163526, 19.386371]]]"
@EricBla90829613 @FERTER2021 @Yahoo @lopezobrador_ Pues como le pide resultados a esos excusados? Si lo único que c… https://t.co/NneUh4MpFl,Thu Nov 11 18:41:59 +0000 2021,"Zapopan, Jalisco","[[[-103.664175, 20.583418], [-103.664175, 20.997896], [-103.305374, 20.997896], [-103.305374, 20.583418]]]"
Se tragarán y vomitarán sus propias palabras ... a ver si no se tapan los excusados de tanta p3ndej4d4 que han dich… https://t.co/Jzk6Ba4p1U,Thu Nov 11 18:48:39 +0000 2021,"Monterrey, Nuevo León","[[[-100.421037, 25.480538], [-100.421037, 25.802899], [-100.166146, 25.802899], [-100.166146, 25.480538]]]"
"@flacoibanez Que disculpante,que excusado mi jorjais",Fri Nov 12 21:50:11 +0000 2021,"García, Nuevo León","[[[-100.865061, 25.628133], [-100.865061, 25.983312], [-100.415921, 25.983312], [-100.415921, 25.628133]]]"
@jrisco es esta semana las conversaciones inician: “se acerca el cumple de @jrisco y él día del excusado”. ¿Verdad @warkentin ? REGALOS….,Tue Nov 16 12:04:35 +0000 2021,"Coyoacán, Distrito Federal","[[[-99.205809, 19.297011], [-99.205809, 19.359755], [-99.098871, 19.359755], [-99.098871, 19.297011]]]"
@pedroferriz3 @PedroFerriz @CentralFM_ Mendigo cabeza de flotador de excusado,Wed Nov 17 15:18:50 +0000 2021,"Benito Juárez, Distrito Federal","[[[-99.191996, 19.357102], [-99.191996, 19.404124], [-99.130965, 19.404124], [-99.130965, 19.357102]]]"
@germanlopezm1 en donde sus capacidades mostradas sean aprovechadas: en el excusado!,Tue Nov 30 20:00:49 +0000 2021,"San Miguel de Allende, Guanajuato","[[[-101.086138, 20.711568], [-101.086138, 21.108455], [-100.466251, 21.108455], [-100.466251, 20.711568]]]"
"@donsirungui @ogarrrio No le jales al excusado, y ya trndras el producto",Wed Dec 01 02:52:57 +0000 2021,"San Luis Potosí, México","[[[-101.169792, 21.959357], [-101.169792, 22.662882], [-100.74123, 22.662882], [-100.74123, 21.959357]]]"
@RaulDeLuna23 @haydeeeliza Y acá no hay bocinas como en CU o en el omniexcusado,Mon Dec 06 15:28:30 +0000 2021,"Guadalajara, Jalisco","[[[-103.408633, 20.600585], [-103.408633, 20.752719], [-103.263131, 20.752719], [-103.263131, 20.600585]]]"
Para colmo desperté y había un ratón vivo nadando en mi excusado. No hay foto porque casi me vomito del asco. Así mi viernes a las 8:00am. 😩,Fri Dec 10 14:03:30 +0000 2021,"Mérida, Yucatán","[[[-89.798197, 20.695104], [-89.798197, 21.186966], [-89.449025, 21.186966], [-89.449025, 20.695104]]]"
"@wiserex1 @trinomonero Si tiene una etiqueta con palabras en inglés, tírala por el excusado…..",Sun Dec 12 07:43:28 +0000 2021,"Guadalajara, Jalisco","[[[-103.408633, 20.600585], [-103.408633, 20.752719], [-103.263131, 20.752719], [-103.263131, 20.600585]]]"
"@_AvilesAlvarez Voy empezar lavar los #excusados, Don @DEELAYUUK , pero a qué #cuartel pertenece ésta #manzana… https://t.co/mwnc7wykOG",Mon Dec 13 10:48:37 +0000 2021,CDI,"[[[-96.712173, 17.080177], [-96.712173, 17.080177], [-96.712173, 17.080177], [-96.712173, 17.080177]]]"
Le baja una mujer al excusado y se escucha el agua... Y grita la vieja : aaaaaay me mojó todas las nalgas!!!! Nos r… https://t.co/KWITVo57qD,Tue Dec 21 00:24:51 +0000 2021,"Guaymas, Sonora","[[[-111.391696, 27.133812], [-111.391696, 28.633587], [-110.052958, 28.633587], [-110.052958, 27.133812]]]"
"Banda, recuerden jalarle al excusado siempre, sino se salen a tuitear pendejadas.",Thu Dec 23 17:50:16 +0000 2021,"Solidaridad, Quintana Roo","[[[-87.777003, 20.356869], [-87.777003, 20.812192], [-86.916961, 20.812192], [-86.916961, 20.356869]]]"
"@Regiomo98419654 Eres el excusado, todo el tiempo te tiran mierda, pero en las pedas hasta de abrazo y beso te traen.",Fri Dec 24 13:09:52 +0000 2021,"Culiacán, Sinaloa","[[[-107.806281, 24.028162], [-107.806281, 25.296815], [-106.877832, 25.296815], [-106.877832, 24.028162]]]"
"@Dafneconefe Compra las ciruelas a granel en Liverpool, sólo asegúrate de estar máximo a 5 metros de distancia de un excusado.",Mon Dec 27 06:22:29 +0000 2021,"Mexicali, Baja California","[[[-115.818421, 30.86042], [-115.818421, 32.718919], [-114.639939, 32.718919], [-114.639939, 30.86042]]]"
Qué triste es que se te caigan tus audífonos en el excusado.,Tue Dec 28 05:23:07 +0000 2021,"Atizapán de Zaragoza, México","[[[-99.330259, 19.51799], [-99.330259, 19.611185], [-99.208125, 19.611185], [-99.208125, 19.51799]]]"
"No me importa que la gente hablé mierda de mí.  A mí me enseñaron a bajarle al excusado, no cómo a jugar con la mierda.",Thu Dec 30 04:52:11 +0000 2021,"Córdoba, Veracruz de Ignacio de la Llave","[[[-97.001897, 18.837368], [-97.001897, 19.013211], [-96.872107, 19.013211], [-96.872107, 18.837368]]]"
@PasinAzulcrema1 @ZISKO11 No podría tomar el lugar del sr. Excusado? #FueraBaños,Thu Dec 30 05:10:57 +0000 2021,"Angel R. Cabada, Veracruz de Ignacio de la Llave","[[[-95.51269, 18.467127], [-95.51269, 18.716513], [-95.269493, 18.716513], [-95.269493, 18.467127]]]"
"VIERNES 31 DIC 2021

METI MI MANO AL EXCUSADO.",Sat Jan 01 00:49:27 +0000 2022,"Benito Juárez, Distrito Federal","[[[-99.191996, 19.357102], [-99.191996, 19.404124], [-99.130965, 19.404124], [-99.130965, 19.357102]]]"
"@MLopezSanMartin De esto deberíamos estar hablando, no de excusados y vaporub",Wed Jan 05 18:13:33 +0000 2022,"Álvaro Obregón, Distrito Federal","[[[-99.324375, 19.232228], [-99.324375, 19.403856], [-99.171644, 19.403856], [-99.171644, 19.232228]]]"
No sé por qué me da la espina que los tipejos que orinan en el excusado habiendo mingitorios son unos verdaderos mezquinos,Thu Jan 06 23:34:45 +0000 2022,"Álvaro Obregón, Distrito Federal","[[[-99.324375, 19.232228], [-99.324375, 19.403856], [-99.171644, 19.403856], [-99.171644, 19.232228]]]"
No sé por qué me da la espina que los tipos que orinan en el excusado habiendo mingitorios son unos verdaderos mezquinos,Thu Jan 06 23:44:51 +0000 2022,"Álvaro Obregón, Distrito Federal","[[[-99.324375, 19.232228], [-99.324375, 19.403856], [-99.171644, 19.403856], [-99.171644, 19.232228]]]"
¿Cómo es posible que la gente no se de cuenta que deja vellos púbicos en la orilla del excusado? No mames cabrón,Sun Feb 06 03:11:15 +0000 2022,"Mazatlán, Sinaloa","[[[-106.619116, 23.068553], [-106.619116, 23.867727], [-105.924379, 23.867727], [-105.924379, 23.068553]]]"
"Ese terror extremo cuando tratan de abrir la puerta en el gym, del excusado está a 3 metros",Sun Feb 06 03:15:54 +0000 2022,"Mazatlán, Sinaloa","[[[-106.619116, 23.068553], [-106.619116, 23.867727], [-105.924379, 23.867727], [-105.924379, 23.068553]]]"
"Ese terror extremo cuando tratan de abrir la puerta en el gym y dudas si cerraste o no, del excusado está a 4 m",Sun Feb 06 03:16:53 +0000 2022,"Mazatlán, Sinaloa","[[[-106.619116, 23.068553], [-106.619116, 23.867727], [-105.924379, 23.867727], [-105.924379, 23.068553]]]"
@martinolimx Y Duilio abajo del excusado,Sun Feb 06 06:30:03 +0000 2022,"García, Nuevo León","[[[-100.865061, 25.628133], [-100.865061, 25.983312], [-100.415921, 25.983312], [-100.415921, 25.628133]]]"
@Miguel_layun Estás excusado mi Layu....,Sun Feb 06 18:40:16 +0000 2022,"Acapulco de Juárez, Guerrero","[[[-99.995232, 16.684013], [-99.995232, 17.233886], [-99.476067, 17.233886], [-99.476067, 16.684013]]]"
"¡Mañana jueves 10 de feb! en @BenditoTheatro1 ¡EXCUSADOS! 9 pm con #ColectivoEfectoVidante. 
Coop $70 Descuento al… https://t.co/mxm1myzFfc",Thu Feb 10 00:38:36 +0000 2022,"León, Guanajuato","[[[-101.833743, 20.863352], [-101.833743, 21.332768], [-101.369059, 21.332768], [-101.369059, 20.863352]]]"
"@pepesegarra Como dice el poeta de la salsa
Se mudo al otro Barrio todos vamos para allá mi querido cabeza de flotador de excusado",Thu Feb 10 11:15:59 +0000 2022,"Miguel Hidalgo, Distrito Federal","[[[-99.259495, 19.386371], [-99.259495, 19.473498], [-99.163526, 19.473498], [-99.163526, 19.386371]]]"
"Calladito, ni ese escándalo lo acercó a palacio para tener el honor de lavar el excusado del dictadorzete",Thu Feb 10 17:21:46 +0000 2022,"Benito Juárez, Distrito Federal","[[[-99.191996, 19.357102], [-99.191996, 19.404124], [-99.130965, 19.404124], [-99.130965, 19.357102]]]"
"... no ""guardes"" cacas, al excusado!",Wed Feb 16 11:53:29 +0000 2022,"Hidalgo, Tamaulipas","[[[-99.664823, 23.940039], [-99.664823, 24.408392], [-99.042952, 24.408392], [-99.042952, 23.940039]]]"
"@ferbelaunzaran Que pena, en lo q se transformó, Fer.
Ni para el excusado...",Sun Feb 20 19:50:07 +0000 2022,"Guadalajara, Jalisco","[[[-103.408633, 20.600585], [-103.408633, 20.752719], [-103.263131, 20.752719], [-103.263131, 20.600585]]]"
@JJDiazMachuca Se sale la calabaza del excusado!!,Wed Feb 23 16:39:14 +0000 2022,"Azcapotzalco, Distrito Federal","[[[-99.221136, 19.456367], [-99.221136, 19.5152], [-99.143116, 19.5152], [-99.143116, 19.456367]]]"
"Cosas de adulto  que me dan felicidad instantánea:
Al fin pude comprar un excusado  para el baño, tras años de bata… https://t.co/c8eYsc20PZ",Wed Feb 23 20:41:14 +0000 2022,"Hermosillo, Sonora","[[[-112.615459, 28.228442], [-112.615459, 29.711283], [-110.380903, 29.711283], [-110.380903, 28.228442]]]"
¡Hoy! Última función de #Excusados con #ColectivoEfectoVidante 9 pm Cooperación $80 #BenditoTheatroCafé Calle B. Ju… https://t.co/PJs5OIjdKW,Thu Feb 24 14:50:38 +0000 2022,"León, Guanajuato","[[[-101.833743, 20.863352], [-101.833743, 21.332768], [-101.369059, 21.332768], [-101.369059, 20.863352]]]"
Es otra cortesana que sueña con lavar el excusado real de palacio...y los Macbeths tropicales ni la voltean a ver!… https://t.co/aQtRODHBcK,Sat Mar 12 06:14:05 +0000 2022,"Benito Juárez, Distrito Federal","[[[-99.191996, 19.357102], [-99.191996, 19.404124], [-99.130965, 19.404124], [-99.130965, 19.357102]]]"
Sueña con lavar los calzones y el excusado del rey en palacio,Sat Mar 12 06:45:38 +0000 2022,"Benito Juárez, Distrito Federal","[[[-99.191996, 19.357102], [-99.191996, 19.404124], [-99.130965, 19.404124], [-99.130965, 19.357102]]]"
"Las lupas se están agotando ,los panuchos andan persiguiendo a los de MORENA y obradoristas hasta en el excusado a ver qué vivorean.",Thu Mar 24 21:24:08 +0000 2022,"Benito Juárez, Distrito Federal","[[[-99.191996, 19.357102], [-99.191996, 19.404124], [-99.130965, 19.404124], [-99.130965, 19.357102]]]"
Urge que las casas en México empiecen a instalar un videt junto al excusado.,Sun Mar 27 00:33:41 +0000 2022,"San Luis Potosí, México","[[[-101.169792, 21.959357], [-101.169792, 22.662882], [-100.74123, 22.662882], [-100.74123, 21.959357]]]"
"@SoyLibr67953895 @lopezobrador_ Eso es muy cierto puras excusas ahora sí que como su apodo, esta excusado o sea pura mierda del kks",Mon Mar 28 03:03:02 +0000 2022,"Zumpango, México","[[[-99.193464, 19.721799], [-99.193464, 19.90449], [-98.972351, 19.90449], [-98.972351, 19.721799]]]"
"@DJMatus @LillyTellez Ah , no bueno !
Entonces para que comes , si lo vas a tirar al excusado

LÓGICA TELLEZ",Thu Mar 31 18:39:11 +0000 2022,"Iztapalapa, Distrito Federal","[[[-99.140238, 19.284692], [-99.140238, 19.400885], [-98.960684, 19.400885], [-98.960684, 19.284692]]]"
"@LillyTellez Ah , no bueno !
Entonces para que comes , si lo vas a tirar al excusado

LÓGICA TELLEZ",Thu Mar 31 18:40:15 +0000 2022,"Iztapalapa, Distrito Federal","[[[-99.140238, 19.284692], [-99.140238, 19.400885], [-98.960684, 19.400885], [-98.960684, 19.284692]]]"
"@Jamalsney ¿Y el arnés?, ¿Será para sujetarte al excusado? 🧻😬",Sat Apr 02 05:21:31 +0000 2022,"Corregidora, Querétaro Arteaga","[[[-100.508629, 20.361791], [-100.508629, 20.595719], [-100.370833, 20.595719], [-100.370833, 20.361791]]]"
"@samuel_garcias
A ver  ????
Excusado",Tue Apr 05 19:37:05 +0000 2022,"Puebla, México","[[[-98.289206, 18.83765], [-98.289206, 19.226809], [-98.019327, 19.226809], [-98.019327, 18.83765]]]"
Como dijo @ferbelaunzaran: le hubiera ido mejor si se hubiera excusado. La comparación con la claridad del Min Pére… https://t.co/ZC9Lp3wpgT,Tue Apr 05 22:50:21 +0000 2022,"Benito Juárez, Distrito Federal","[[[-99.191996, 19.357102], [-99.191996, 19.404124], [-99.130965, 19.404124], [-99.130965, 19.357102]]]"
"El movimiento feminista en mi opinión solo es un grupo de choque busca vandalismo excusado en protesta.
Cuando real… https://t.co/2GoufYMBpv",Fri Apr 08 13:26:00 +0000 2022,"Guadalupe, Nuevo León","[[[-100.274823, 25.621688], [-100.274823, 25.731519], [-100.117445, 25.731519], [-100.117445, 25.621688]]]"
¿Nmms quien en su sano juicio tupe el excusado del Gym?,Mon Apr 11 22:33:09 +0000 2022,"Mérida, Yucatán","[[[-89.798197, 20.695104], [-89.798197, 21.186966], [-89.449025, 21.186966], [-89.449025, 20.695104]]]"
Tu foto en el excusado.,Thu Apr 14 19:51:52 +0000 2022,"Monterrey, Nuevo León","[[[-100.421037, 25.480538], [-100.421037, 25.802899], [-100.166146, 25.802899], [-100.166146, 25.480538]]]"
@pedroferriz3 Seas payaso cabeza de flotador de excusado,Sat Apr 16 08:48:24 +0000 2022,"Miguel Hidalgo, Distrito Federal","[[[-99.259495, 19.386371], [-99.259495, 19.473498], [-99.163526, 19.473498], [-99.163526, 19.386371]]]"
"Oigan, una duda…

Las mujeres andan desnudas en el baño? Se andan viendo todas? Es un excusado biológico comunal?… https://t.co/6zvv0Nhn1E",Sat Apr 16 18:31:02 +0000 2022,"Querétaro, Querétaro Arteaga","[[[-100.596343, 20.50317], [-100.596343, 20.927379], [-100.284846, 20.927379], [-100.284846, 20.50317]]]"
@AndreaChavezTre Si se Excuso!! No vieron como Su Bocota parecía un Enorme Excusado Tirando mierda.,Tue Apr 19 04:00:31 +0000 2022,"Álvaro Obregón, Distrito Federal","[[[-99.324375, 19.232228], [-99.324375, 19.403856], [-99.171644, 19.403856], [-99.171644, 19.232228]]]"
@Jacinta_Camila @guilbert_ga @NEUROSURGEONNN Pero en la historía d el excusado,Sat Apr 23 20:13:05 +0000 2022,"Venustiano Carranza, Distrito Federal","[[[-99.128294, 19.404352], [-99.128294, 19.459799], [-99.04734, 19.459799], [-99.04734, 19.404352]]]"
"@Victori54417757 Yo no sabía que los excusados tienen diferentes capacidades, hasta que me puse a cotizar uno...🤔",Tue Apr 26 00:58:22 +0000 2022,"Azcapotzalco, Distrito Federal","[[[-99.221136, 19.456367], [-99.221136, 19.5152], [-99.143116, 19.5152], [-99.143116, 19.456367]]]"
"@Solteronaaa Merodeando por el "" cenado "" cierta ocasión me tocó ver una taza de excusado pasar corriendo hecha la… https://t.co/gjO2ySo7kW",Wed Apr 27 12:34:19 +0000 2022,"Tlalpan, Distrito Federal","[[[-99.315748, 19.087511], [-99.315748, 19.311459], [-99.10098, 19.311459], [-99.10098, 19.087511]]]"
"No es calidad de vida vivir debajo de un excusado atmosférico💀 , no hay desarrollo real sin #MedioAmbiente https://t.co/gXzp8dT1dv",Wed May 04 23:04:37 +0000 2022,"Miguel Hidalgo, Distrito Federal","[[[-99.259495, 19.386371], [-99.259495, 19.473498], [-99.163526, 19.473498], [-99.163526, 19.386371]]]"
"@FDoringCasar Tu si que sabes de heces fecales, desde FECAL @FelipeCalderon hasta la política de excusado de los… https://t.co/OOgqA9HXNY",Mon May 09 22:32:58 +0000 2022,"Cuauhtémoc, Distrito Federal","[[[-99.18435, 19.399835], [-99.18435, 19.465837], [-99.122382, 19.465837], [-99.122382, 19.399835]]]"
"Le faltan jalones de la bomba para excusados marca ACME, se tapó. https://t.co/FZ2udEMFzM",Thu May 12 15:30:03 +0000 2022,"San Juan del Río, Querétaro Arteaga","[[[-100.197802, 20.204691], [-100.197802, 20.571458], [-99.831768, 20.571458], [-99.831768, 20.204691]]]"
@RosaMaraSanto11 @Ssierra2009 @DanielaLunera Los dos par de gusanos de excusado🐛🐛,Fri May 20 12:57:10 +0000 2022,"Querétaro, Querétaro Arteaga","[[[-100.596343, 20.50317], [-100.596343, 20.927379], [-100.284846, 20.927379], [-100.284846, 20.50317]]]"
"Q ricoooo macho !!! desearia me use de su excusado para que se vacie en mi ano, o de cesto de mecos y me fornique a… https://t.co/QI4exHnFFu",Sat May 21 05:21:25 +0000 2022,"Cuauhtémoc, Distrito Federal","[[[-99.18435, 19.399835], [-99.18435, 19.465837], [-99.122382, 19.465837], [-99.122382, 19.399835]]]"
"Finalmente ocurrió lo que había temido durante toda mi vida: UNA PINCHE ARAÑA EN EL EXCUSADO. 

😖😖😖😖😖",Fri May 27 00:19:55 +0000 2022,"Solidaridad, Quintana Roo","[[[-87.777003, 20.356869], [-87.777003, 20.812192], [-86.916961, 20.812192], [-86.916961, 20.356869]]]"
@catrina_nortena @JosHernndezPue1 Malditas Ratas! Van a tapar el Excusado 🤢🤢🤮🤮🤑🤑🤑,Fri May 27 18:15:36 +0000 2022,"Álvaro Obregón, Distrito Federal","[[[-99.324375, 19.232228], [-99.324375, 19.403856], [-99.171644, 19.403856], [-99.171644, 19.232228]]]"
@2012DFM @Caruso03787215 @Unidosxmexi Atodos@al excusado,Sun May 29 22:50:46 +0000 2022,"Venustiano Carranza, Distrito Federal","[[[-99.128294, 19.404352], [-99.128294, 19.459799], [-99.04734, 19.459799], [-99.04734, 19.404352]]]"
"@Faitelson_ESPN Es preferible caer en la taza de un excusado
que caer en el ocico de este viejo @Faitelson_ESPN",Thu Jun 02 20:03:55 +0000 2022,"Culiacán, Sinaloa","[[[-107.806281, 24.028162], [-107.806281, 25.296815], [-106.877832, 25.296815], [-106.877832, 24.028162]]]"
"Me puse como psicótica a desmanchar los excusados, por acá el agua mancha mucho el tolido, lo logré con un liquido… https://t.co/cxn1OvVlDx",Sat Jun 04 03:03:40 +0000 2022,"Juárez, Chihuahua","[[[-106.950638, 31.120681], [-106.950638, 31.783867], [-106.185378, 31.783867], [-106.185378, 31.120681]]]"
Hoy Fui al Excusado y Me en encontré al PRIANMCPRD Despidiendose!!😁😅,Mon Jun 06 13:37:58 +0000 2022,"Álvaro Obregón, Distrito Federal","[[[-99.324375, 19.232228], [-99.324375, 19.403856], [-99.171644, 19.403856], [-99.171644, 19.232228]]]"
De niña me daban miedo los excusados que no tenían dona para sentarse sentía que me caía pa’dentro y me mojaria las… https://t.co/j8fA62wxjS,Mon Jun 13 17:46:08 +0000 2022,"Valladolid, Yucatán","[[[-88.327272, 20.233502], [-88.327272, 20.882541], [-87.84381, 20.882541], [-87.84381, 20.233502]]]"
"@fernandeznorona Ya nomas te falta transmitir desde el excusado, y que sea público, de esos que cobran cinco pesos y te dan tu tira de papel",Fri Jun 17 19:02:10 +0000 2022,"Tizayuca, Hidalgo","[[[-99.02376, 19.799941], [-99.02376, 19.90681], [-98.904755, 19.90681], [-98.904755, 19.799941]]]"
No puedo con que le digan Sr Excusados jajaja #FueraBaños,Sat Jun 18 03:02:16 +0000 2022,"Benito Juárez, Distrito Federal","[[[-99.191996, 19.357102], [-99.191996, 19.404124], [-99.130965, 19.404124], [-99.130965, 19.357102]]]"
@abrahamendieta A Vargas Llosa le dió diarrea no lo molestemos va a estar tres días en el excusado,Mon Jun 20 00:17:29 +0000 2022,"Cuautla, Morelos","[[[-99.020208, 18.757508], [-99.020208, 18.89733], [-98.886707, 18.89733], [-98.886707, 18.757508]]]"
@Cronica2030 @epigmenioibarra @FelipeCalderon Calderon es un excusado nscioi,Sun Jun 26 02:19:48 +0000 2022,"Cuautitlán Izcalli, México","[[[-99.294897, 19.580497], [-99.294897, 19.732082], [-99.172417, 19.732082], [-99.172417, 19.580497]]]"
@fernandeznorona Puro cuento eso de que lees muchos libros. Ni con las horas que te echas en el excusado podrías. ¿… https://t.co/dYG9bKVLbk,Mon Jun 27 18:50:47 +0000 2022,"Tizayuca, Hidalgo","[[[-99.02376, 19.799941], [-99.02376, 19.90681], [-98.904755, 19.90681], [-98.904755, 19.799941]]]"
@gordon_oscar @LillyTellez @kenialopezr @MarkoCortes EN CUALQUIER LETRINA DE CANTINA DE MALA MUERTE. ASÓMATE AL EXCUSADO Y ALLÍ LAS VERÁS.,Tue Jun 28 10:43:09 +0000 2022,"Oaxaca de Juárez, Oaxaca","[[[-96.780697, 17.015437], [-96.780697, 17.165201], [-96.669308, 17.165201], [-96.669308, 17.015437]]]"
@_ryo_hermoso @josliza24 Pues hay un capítulo de los Simpson donde Lisa se disfraza y se hace llamar excusado WC a… https://t.co/qqFvMXEeoP,Wed Jun 29 03:49:42 +0000 2022,"Atizapán de Zaragoza, México","[[[-99.330259, 19.51799], [-99.330259, 19.611185], [-99.208125, 19.611185], [-99.208125, 19.51799]]]"
@TiamatComet_ @EstefaniaVeloz @m_ebrard Es más gringa la taza del excusado de mi casa que la pinche mona esa.,Wed Jun 29 15:20:46 +0000 2022,"Monterrey, Nuevo León","[[[-100.421037, 25.480538], [-100.421037, 25.802899], [-100.166146, 25.802899], [-100.166146, 25.480538]]]"
@PedroHe64552161 @alitomorenoc Solo para  el excusado,Tue Jul 05 02:55:51 +0000 2022,"Cuautlancingo, Puebla","[[[-98.300186, 19.077688], [-98.300186, 19.160921], [-98.222497, 19.160921], [-98.222497, 19.077688]]]"
"@fernandeznorona Usarlos como papel higiénico diputado. Y no te sulfures, los tienes amontonados en el excusado. ¡Fuchi KK, diría el KKs!",Tue Jul 05 19:34:15 +0000 2022,"Tizayuca, Hidalgo","[[[-99.02376, 19.799941], [-99.02376, 19.90681], [-98.904755, 19.90681], [-98.904755, 19.799941]]]"
"@LaChinatriple @Martergasa O sea que te haces pipí en tu regadera? 🤔
O tal vez la tubería con el excusado está comp… https://t.co/zw7Py2KF92",Tue Jul 12 02:35:54 +0000 2022,"Guadalajara, Jalisco","[[[-103.408633, 20.600585], [-103.408633, 20.752719], [-103.263131, 20.752719], [-103.263131, 20.600585]]]"
"No habrá segunda cita, pero al menos ya sabe que el papel higiénico va dentro del excusado y no en el bote de basura.",Tue Jul 12 18:44:37 +0000 2022,"Huixquilucan, México","[[[-99.404165, 19.305971], [-99.404165, 19.44218], [-99.232692, 19.44218], [-99.232692, 19.305971]]]"
@pedroferriz3 Mendigo cabeza de flotador de excusado ningún chile te enbona sanababish,Tue Jul 12 19:17:30 +0000 2022,"Miguel Hidalgo, Distrito Federal","[[[-99.259495, 19.386371], [-99.259495, 19.473498], [-99.163526, 19.473498], [-99.163526, 19.386371]]]"
@pedroferriz3 Seas payaso cabeza de flotador de excusado,Wed Jul 13 01:20:30 +0000 2022,"Miguel Hidalgo, Distrito Federal","[[[-99.259495, 19.386371], [-99.259495, 19.473498], [-99.163526, 19.473498], [-99.163526, 19.386371]]]"
@Aletse_04 @lopezobrador_ Menos el excusado ...ese le queda perfecto,Wed Jul 13 16:41:24 +0000 2022,"Puebla, México","[[[-98.289206, 18.83765], [-98.289206, 19.226809], [-98.019327, 19.226809], [-98.019327, 18.83765]]]"
@SoyIsraman La 💩💩💩💩 se boto del excusado,Sun Jul 17 02:27:24 +0000 2022,"Zapopan, Jalisco","[[[-103.664175, 20.583418], [-103.664175, 20.997896], [-103.305374, 20.997896], [-103.305374, 20.583418]]]"
"@ClouthierManuel Ay,Maquío!
Te la hubieras jalado y los hubieras echado al excusado en lugar de engendrar ésto.",Thu Jul 21 01:52:31 +0000 2022,"Guadalajara, Jalisco","[[[-103.408633, 20.600585], [-103.408633, 20.752719], [-103.263131, 20.752719], [-103.263131, 20.600585]]]"
"Desde que se inventaron las excusas
Se acabaron los pendejos como AMLO
OTRO EXCUSADO.
LITERAL",Sat Jul 23 23:46:43 +0000 2022,"Miguel Hidalgo, Distrito Federal","[[[-99.259495, 19.386371], [-99.259495, 19.473498], [-99.163526, 19.473498], [-99.163526, 19.386371]]]"
@JulioOmarGS No son los sapos del excusado; ni los castigados usuarios domésticos que reciben agua a ratos con cort… https://t.co/YLevJ4pbof,Fri Aug 05 05:45:20 +0000 2022,"Hermosillo, Sonora","[[[-112.615459, 28.228442], [-112.615459, 29.711283], [-110.380903, 29.711283], [-110.380903, 28.228442]]]"
@more70mart @marcos4TVA @DenisseDresserG Pregúntome yo : no le dará asco al excusado recibiendo tanta miercoles de… https://t.co/SeLE8PVSXI,Thu Aug 11 01:57:27 +0000 2022,"Celaya, Guanajuato","[[[-100.913535, 20.356869], [-100.913535, 20.688514], [-100.630887, 20.688514], [-100.630887, 20.356869]]]"
@Paulina4T @alitomorenoc Boca de EXCUSADO,Sat Aug 13 04:58:59 +0000 2022,"Acolman, México","[[[-98.97875, 19.577082], [-98.97875, 19.683412], [-98.846906, 19.683412], [-98.846906, 19.577082]]]"
@juncalssolano @alitomorenoc Ocico  de EXCUSADO https://t.co/EXfTghkV95,Sat Aug 13 05:07:15 +0000 2022,"Acolman, México","[[[-98.97875, 19.577082], [-98.97875, 19.683412], [-98.846906, 19.683412], [-98.846906, 19.577082]]]"
"@ChumelTorres Si alguien sabe de excusados
 eres tú @ChumelTorres basta con leerte un momento.",Sun Aug 14 00:53:10 +0000 2022,"Comalcalco, Tabasco","[[[-93.588606, 18.155666], [-93.588606, 18.426858], [-93.094606, 18.426858], [-93.094606, 18.155666]]]"
"Jaja me has hecho reír. A ver, sientalo en el excusado, explica para que es....igual funciona.",Thu Aug 18 19:00:52 +0000 2022,"Álvaro Obregón, Distrito Federal","[[[-99.324375, 19.232228], [-99.324375, 19.403856], [-99.171644, 19.403856], [-99.171644, 19.232228]]]"
"@catrina_nortena @epigmenioibarra @CiroGomezL Ese piche Ciro nunca va a aceptar que tiene hocico de excusado, cada que habla la caga!!",Wed Aug 24 17:54:58 +0000 2022,"Coacalco de Berriozábal, México","[[[-99.127265, 19.589845], [-99.127265, 19.662165], [-99.053342, 19.662165], [-99.053342, 19.589845]]]"
@Marcos_ElTigre6 El excusado osease WC mas claro las cloacas repletas de 💩💩💩,Sun Aug 28 16:45:15 +0000 2022,"Álvaro Obregón, Distrito Federal","[[[-99.324375, 19.232228], [-99.324375, 19.403856], [-99.171644, 19.403856], [-99.171644, 19.232228]]]"
"@AleAtorres01 Pues ojalá hubieran aventado tu celular al excusado, que es de donde extraes tus ideas pndejas. Averg… https://t.co/vztflGRymH",Wed Aug 31 19:28:18 +0000 2022,"Morelia, Michoacán de Ocampo","[[[-101.508271, 19.442976], [-101.508271, 19.862472], [-101.043269, 19.862472], [-101.043269, 19.442976]]]"
@PartidoMorenaMx @ErnestoGMing La pregunta es: se habría excusado el ministro de no haberse conocido esta reunión s… https://t.co/akOfAZeMYb,Thu Sep 01 06:14:34 +0000 2022,"Tijuana, Baja California","[[[-117.298421, 32.098292], [-117.298421, 32.567461], [-116.559783, 32.567461], [-116.559783, 32.098292]]]"
Me da una pena ajena ver cómo lo intentas tanto... Con ese humor de excusado taaaan 90,Sat Sep 03 05:45:54 +0000 2022,"Chihuahua, México","[[[-106.619964, 28.096608], [-106.619964, 29.787124], [-105.705833, 29.787124], [-105.705833, 28.096608]]]"
"Enviado desde el excusado, y debo de coincidir.",Sun Sep 04 15:45:03 +0000 2022,"Zapopan, Jalisco","[[[-103.664175, 20.583418], [-103.664175, 20.997896], [-103.305374, 20.997896], [-103.305374, 20.583418]]]"
"@blancasmadrigal @lopezobrador_ Siempre excusado su estupidez con los anteriores gobiernos, que caro se esta pagand… https://t.co/35GbLBpRPY",Tue Sep 06 17:09:28 +0000 2022,"Paraíso, Tabasco","[[[-93.507543, 18.270183], [-93.507543, 18.443406], [-92.994485, 18.443406], [-92.994485, 18.270183]]]"
"@EdySmol Eso es un pelo de gato comparado con lo que cada año tiramos a los excusados llamados PEMEX y CFE, de eso,… https://t.co/YOFJ8k0X3O",Mon Sep 19 08:45:30 +0000 2022,"Cuautitlán Izcalli, México","[[[-99.294897, 19.580497], [-99.294897, 19.732082], [-99.172417, 19.732082], [-99.172417, 19.580497]]]"
@craviotocesar Toda la caca se va al excusado.,Wed Sep 21 02:37:11 +0000 2022,"León, Guanajuato","[[[-101.833743, 20.863352], [-101.833743, 21.332768], [-101.369059, 21.332768], [-101.369059, 20.863352]]]"
"@jgnaredo Cuántas horas le inviertes al día para ""pensar"" en como defender al #FloreroDePalacio?

Horas tiradas a la basura, al excusado.",Fri Sep 23 04:06:35 +0000 2022,"Mexicali, Baja California","[[[-115.818421, 30.86042], [-115.818421, 32.718919], [-114.639939, 32.718919], [-114.639939, 30.86042]]]"
"@PakoLeonTV6 @ShelzyMx El excusado.

(Así le decían en mi rancho al wc).",Thu Sep 29 06:02:11 +0000 2022,"Misantla, Veracruz de Ignacio de la Llave","[[[-96.993214, 19.765379], [-96.993214, 20.148385], [-96.748986, 20.148385], [-96.748986, 19.765379]]]"
"@satyagraha_yo Hasta el momento se le vió por última vez sumergirse en un excusado 🚾 el reporte es muy escueto 
Seguiremos informando 🎤",Sat Oct 01 21:47:46 +0000 2022,"Zapopan, Jalisco","[[[-103.664175, 20.583418], [-103.664175, 20.997896], [-103.305374, 20.997896], [-103.305374, 20.583418]]]"
"""Uno puede llorar hasta con la palabra «excusado» si tienes ganas de llorar.""
- Jaime Sabines.",Wed Oct 05 05:49:31 +0000 2022,"Tuxtla Gutiérrez, Chiapas","[[[-93.243094, 16.645909], [-93.243094, 16.838962], [-93.036225, 16.838962], [-93.036225, 16.645909]]]"
@RossyTB Aca no somos excusado 💩💩💩💩💩💩💩💩💩💩,Sun Oct 09 22:36:42 +0000 2022,"Apodaca, Nuevo León","[[[-100.277595, 25.694281], [-100.277595, 25.863077], [-100.05984, 25.863077], [-100.05984, 25.694281]]]"
@Israelsv74 @KarlaDeLaFuen16 @XochitlGalvez será tapón de excusado jajajaja jajaja,Thu Oct 13 18:47:21 +0000 2022,"Xochimilco, Distrito Federal","[[[-99.160023, 19.152878], [-99.160023, 19.319611], [-99.003557, 19.319611], [-99.003557, 19.152878]]]"
"Coca Cola. A menos que sea para limpiar excusados o aflojar birlos. El agua es la vida, el café la vitalidad y la c… https://t.co/RthSSAh2UU",Mon Oct 17 16:36:31 +0000 2022,"Huixquilucan, México","[[[-99.404165, 19.305971], [-99.404165, 19.44218], [-99.232692, 19.44218], [-99.232692, 19.305971]]]"
Necesita ganar no seas idiota y por 5 de diferencia o tú y Martinoli no sé van a la alcantarilla se van al excusado… https://t.co/FGz8RHQYSd,Mon Oct 31 01:48:33 +0000 2022,"Benito Juárez, Distrito Federal","[[[-99.191996, 19.357102], [-99.191996, 19.404124], [-99.130965, 19.404124], [-99.130965, 19.357102]]]"
@LuisGarcia08 Dile eso al Santi excusados jajajajaja,Wed Nov 09 18:35:14 +0000 2022,"Guadalajara, Jalisco","[[[-103.408633, 20.600585], [-103.408633, 20.752719], [-103.263131, 20.752719], [-103.263131, 20.600585]]]"
"@deniseramosm EXCUSADO, MIL PLANAS.",Wed Nov 16 12:44:47 +0000 2022,"Guadalupe, Nuevo León","[[[-100.274823, 25.621688], [-100.274823, 25.731519], [-100.117445, 25.731519], [-100.117445, 25.621688]]]"
@El_Universal_Mx Esta  cacarucho apedillarse baños y tener cara de excusado,Wed Nov 16 22:42:00 +0000 2022,"Benito Juárez, Distrito Federal","[[[-99.191996, 19.357102], [-99.191996, 19.404124], [-99.130965, 19.404124], [-99.130965, 19.357102]]]"
"@MiguelPoloP ""Excusado"" con todo y error de ortografía, es lo que usted tiene en la cabeza",Fri Nov 18 20:34:23 +0000 2022,"García, Nuevo León","[[[-100.865061, 25.628133], [-100.865061, 25.983312], [-100.415921, 25.983312], [-100.415921, 25.628133]]]"
Como kk en excusado!,Sat Nov 19 14:44:22 +0000 2022,"Tijuana, Baja California","[[[-117.298421, 32.098292], [-117.298421, 32.567461], [-116.559783, 32.567461], [-116.559783, 32.098292]]]"
"@YayaMarchena Sisi viva Sandra Cuevas para la secretaría de educación. Ebrard en seguridad, y Monri en... El excusado",Sun Nov 20 09:04:04 +0000 2022,"Iztacalco, Distrito Federal","[[[-99.137171, 19.375769], [-99.137171, 19.422433], [-99.055821, 19.422433], [-99.055821, 19.375769]]]"
@pov50 @teresacastellmx @INEMexico @laoctava_tv Dice que es empresaria y vende rebozos y excusados en Mercado Libre.,Mon Nov 21 16:50:05 +0000 2022,"Cuauhtémoc, Distrito Federal","[[[-99.18435, 19.399835], [-99.18435, 19.465837], [-99.122382, 19.465837], [-99.122382, 19.399835]]]"
"""Es fácil filosofar si es otro el que está hecho mierda.""

📼 Trainspotting (1996)

Prohibido nadar en el excusado!! https://t.co/UuANwfZf2G",Fri Nov 25 17:05:18 +0000 2022,"Tlaquepaque, Jalisco","[[[-103.453231, 20.539641], [-103.453231, 20.644625], [-103.243417, 20.644625], [-103.243417, 20.539641]]]"
Por esa razón estás allá. Limpiando excusados,Sat Nov 26 01:33:31 +0000 2022,"Tlalnepantla de Baz, México","[[[-99.248181, 19.498594], [-99.248181, 19.589272], [-99.080384, 19.589272], [-99.080384, 19.498594]]]"
@fernandeznorona 6000000!! Y un solo p1nch3 excusado!! ¿Y no te dejaron usarlo los compañeros ojaldras?,Mon Nov 28 05:55:02 +0000 2022,"Tizayuca, Hidalgo","[[[-99.02376, 19.799941], [-99.02376, 19.90681], [-98.904755, 19.90681], [-98.904755, 19.799941]]]"
"@Ludo_Luther @fernandeznorona @Reforma No. Sus ratos libres se la pasa ""leyendo libros"" en el excusado. Dicen que y… https://t.co/tuLyJu7lQD",Wed Nov 30 22:00:24 +0000 2022,"Tizayuca, Hidalgo","[[[-99.02376, 19.799941], [-99.02376, 19.90681], [-98.904755, 19.90681], [-98.904755, 19.799941]]]"
@fernandeznorona Ahora revisa tu excusado y dinos que ves. https://t.co/LwCrjgPoDM,Thu Dec 08 01:34:10 +0000 2022,"Benito Juárez, Distrito Federal","[[[-99.191996, 19.357102], [-99.191996, 19.404124], [-99.130965, 19.404124], [-99.130965, 19.357102]]]"
Magnífico estudio base (solamente hidráulico) del proceso de vaciado del excusado. Spoiler: siempre hay que bajar l… https://t.co/9U3L5kmXhl,Thu Dec 08 18:13:36 +0000 2022,"Jiutepec, Morelos","[[[-99.217498, 18.836722], [-99.217498, 18.936651], [-99.119803, 18.936651], [-99.119803, 18.836722]]]"
"@GralVictoria Por la percha y la actitud,  seguramente de lava excusados, ya se nota que le gusta andar lamiendole el horto al kks...",Fri Dec 09 18:53:37 +0000 2022,"Cuauhtémoc, Distrito Federal","[[[-99.18435, 19.399835], [-99.18435, 19.465837], [-99.122382, 19.465837], [-99.122382, 19.399835]]]"
@yaneliclopez Ay no manches intentándome sacar esa madre ahorita se me cayó al excusado 🤡😫 tuve que meter toda la m… https://t.co/Rf5Q4Sc6Mi,Tue Dec 20 05:20:38 +0000 2022,"Irapuato, Guanajuato","[[[-101.539641, 20.499732], [-101.539641, 20.847352], [-101.141146, 20.847352], [-101.141146, 20.499732]]]"
@yaneliclopez Metí toda la mano al excusado para sacar la copa solo quería aclarar 😩😫,Tue Dec 20 05:21:10 +0000 2022,"Irapuato, Guanajuato","[[[-101.539641, 20.499732], [-101.539641, 20.847352], [-101.141146, 20.847352], [-101.141146, 20.499732]]]"
"@jrsestaca Que bueno que ya se jaló la cadena del excusado para desechar la basura que vendes  en radio y tv, tú y tu amiguito.",Wed Dec 21 14:43:24 +0000 2022,"Veracruz, Veracruz de Ignacio de la Llave","[[[-96.340535, 19.102814], [-96.340535, 19.265092], [-96.118258, 19.265092], [-96.118258, 19.102814]]]"
"@PedroFerriz No, porque, México se convertirá en el ""excusado/WC"" de la izquierda latinoamericana...",Thu Dec 22 12:12:17 +0000 2022,"Querétaro, Querétaro Arteaga","[[[-100.596343, 20.50317], [-100.596343, 20.927379], [-100.284846, 20.927379], [-100.284846, 20.50317]]]"
"Ahora tratará de meter al excusado  donde ya metió a varios, también a los ministros de la @SCJN no tiene límites n… https://t.co/f7bLOuqEqk",Tue Jan 03 03:09:24 +0000 2023,"Mérida, Yucatán","[[[-89.798197, 20.695104], [-89.798197, 21.186966], [-89.449025, 21.186966], [-89.449025, 20.695104]]]"
"Aparte del excusado 🚾, ¿desde qué otro lugar escucha @QuesuenaenREAL ? 🤪😝

@goliveros @vinymodee",Fri Jan 06 16:11:59 +0000 2023,"Querétaro, Querétaro Arteaga","[[[-100.596343, 20.50317], [-100.596343, 20.927379], [-100.284846, 20.927379], [-100.284846, 20.50317]]]"
Que bueno eso parecía un excusado visual y te expusieron demasiado cuando tu trabajo no es critica o chiste es un a… https://t.co/YcfToyZK1f,Tue Jan 17 02:39:40 +0000 2023,"Aguascalientes, México","[[[-102.588385, 21.622938], [-102.588385, 22.07598], [-102.066029, 22.07598], [-102.066029, 21.622938]]]"
